Path,Title,PageViews,Freshness (report),LastReviewed (report),LastReviewed (file)
powerbi-docs/developer.md,Power BI developer documentation - Power BI,7245.0,> 365 days,2024-10-20,
powerbi-docs/developer/projects/projects-overview.md,Power BI Desktop projects (PBIP) - Power BI,6173.0,> 365 days,2024-08-13,2024-08-13
powerbi-docs/developer/visuals/develop-power-bi-visuals.md,Develop custom visuals in Power BI - Power BI,5172.0,> 365 days,2024-06-06,2024-06-06
powerbi-docs/developer/embedded/embed-customer-app.md,Embed Power BI report in a Power BI embedded analytics application for your customers - Power BI,4860.0,> 365 days,2024-06-03,2024-06-03
powerbi-docs/visuals/power-bi-visualization-new-card.md,Create a (new) card visual in Power BI - Power BI,4145.0,> 365 days,2024-10-30,2024-10-30
powerbi-docs/visuals/desktop-slicer-filter-date-range.md,Create a relative date slicer or filter in Power BI - Power BI,3815.0,271-365 days,2024-11-04,2024-11-04
powerbi-docs/developer/visuals/power-bi-custom-visuals.md,Main sources for acquiring Power BI custom visuals - Power BI,3446.0,> 365 days,2024-11-02,2024-11-02
powerbi-docs/developer/projects/projects-git.md,Git integration with Power BI Desktop projects - Power BI,2616.0,> 365 days,2024-08-13,2024-08-13
powerbi-docs/visuals/power-bi-visualization-card-visual-new-format-settings.md,(new) Card visual format settings - Power BI,2511.0,> 365 days,2024-10-28,2024-10-28
powerbi-docs/developer/projects/projects-build-pipelines.md,Azure DevOps build pipeline integration with Power BI Desktop projects - Power BI,2318.0,> 365 days,2024-08-13,2024-08-13
powerbi-docs/connect-data/desktop-assume-referential-integrity.md,Assume Referential Integrity setting in Power BI Desktop - Power BI,2178.0,> 365 days,2024-07-25,2024-07-25
powerbi-docs/developer/projects/projects-dataset.md,Power BI Desktop project semantic model folder - Power BI,2054.0,> 365 days,2024-08-13,2024-08-13
powerbi-docs/paginated-reports/paginated-reports-quickstart-aw.md,Tutorial: Create a paginated report and upload it to the Power BI service - Power BI,2017.0,> 365 days,2024-06-28,2024-06-28
powerbi-docs/transform-model/dataflows/dataflows-premium-features.md,Premium features of dataflows - Power BI,1996.0,> 365 days,2024-05-03,2024-05-03
powerbi-docs/developer/embedded/embed-organization-app.md,Embed Power BI report in a Power BI embedded analytics application for your organization - Power BI,1968.0,> 365 days,2024-06-03,2024-06-03
powerbi-docs/connect-data/service-gateway-custom-connectors.md,Use custom data connectors with the on-premises data gateway - Power BI,1866.0,> 365 days,2023-02-13,2023-02-13
powerbi-docs/developer/visuals/licensing-faq.md,Frequently asked questions about Custom visual license management - Power BI,1842.0,> 365 days,2024-07-25,
powerbi-docs/create-reports/power-bi-personalize-visuals.md,Let users personalize visuals in a report - Power BI,1842.0,> 365 days,2023-03-01,2023-03-01
powerbi-docs/connect-data/create-dataset-sharepoint-online-list.md,Create a semantic model from a SharePoint List - Power BI,1797.0,> 365 days,2023-02-22,2023-02-22
powerbi-docs/paginated-reports/paginated-reports-samples.md,Sample Power BI paginated reports - Power BI,1763.0,> 365 days,2022-10-27,2022-10-27
powerbi-docs/natural-language/q-and-a-intro.md,Learn how to use natural language to explore data with Power BI Q&A - Power BI,1746.0,> 365 days,2023-09-12,2023-09-12
powerbi-docs/transform-model/log-analytics/desktop-log-analytics-overview.md,Using Azure Log Analytics in Power BI - Power BI,1734.0,> 365 days,2024-08-04,2024-08-04
powerbi-docs/transform-model/desktop-modeling-view.md,Use Model view in Power BI Desktop - Power BI,1720.0,> 365 days,2024-09-03,2024-09-03
powerbi-docs/connect-data/service-live-connect-dq-datasets.md,What's the difference between live connections and DirectQuery? - Power BI,1707.0,> 365 days,2024-05-13,2024-05-13
powerbi-docs/visuals/power-bi-line-chart.md,Create line charts in Power BI - Power BI,1649.0,> 365 days,2023-07-14,
powerbi-docs/visuals/paginated-report-visual.md,Create and use the paginated report visual - Power BI,1634.0,> 365 days,2023-09-07,2023-09-07
powerbi-docs/collaborate-share/service-flow-integration.md,Integrate Power BI data alerts with Power Automate - Power BI,1627.0,> 365 days,2022-12-14,2022-12-14
powerbi-docs/visuals/power-bi-visualization-matrix-visual-format-settings.md,Matrix visual format settings - Power BI,1611.0,> 365 days,2024-10-18,2024-10-18
powerbi-docs/create-reports/power-bi-sparklines-tables.md,Create sparklines in a table or matrix in a report - Power BI,1605.0,> 365 days,2024-06-21,2024-06-21
powerbi-docs/developer/embedded.md,Power BI embedded analytics documentation - Power BI,1596.0,> 365 days,,
powerbi-docs/visuals/power-bi-visualization-powerapp.md,Embed a new Power App in a Power BI Report. - Power BI,1582.0,> 365 days,2024-02-08,2024-02-08
powerbi-docs/create-reports/service-aggregates.md,"Work with aggregates (sum, average, and so on) in Power BI - Power BI",1564.0,> 365 days,2022-08-03,2022-08-03
powerbi-docs/collaborate-share/service-collaborate-microsoft-teams.md,"Collaborate with Power BI in Microsoft Teams, Outlook, and Office - Power BI",1548.0,> 365 days,2023-03-01,2023-03-01
powerbi-docs/collaborate-share/end-user-powerpoint.md,Export entire reports to PowerPoint - Power BI,1487.0,271-365 days,2024-11-05,2024-11-05
powerbi-docs/visuals/desktop-ribbon-charts.md,Use ribbon charts in Power BI - Power BI,1480.0,> 365 days,2023-07-25,2023-07-25
powerbi-docs/collaborate-share/service-dataset-external-org-share-provider.md,Use Power BI in-place semantic model sharing (preview) to share semantic models with external users - data provider - Power BI,1470.0,> 365 days,2022-09-21,2022-09-21
powerbi-docs/natural-language/power-bi-tutorial-q-and-a.md,Explore and create visuals in your reports using Power BI Q&A - Power BI,1449.0,> 365 days,2024-06-21,2024-06-21
powerbi-docs/transform-model/datamarts/datamarts-overview.md,Introduction to datamarts - Power BI,1439.0,> 365 days,2024-04-02,2024-04-02
powerbi-docs/developer/embedded/embed-tokens.md,Permission tokens needed to embed a Power BI app - Power BI,1428.0,> 365 days,2024-10-10,2024-10-10
powerbi-docs/report-server/quickstart-create-powerbi-report.md,Create a Power BI report for Power BI Report Server - Power BI,1415.0,> 365 days,2020-07-24,2020-07-24
powerbi-docs/developer/embedded/embedded-faq.md,Frequently asked questions about Power BI embedded analytics - Power BI,1403.0,> 365 days,2024-06-03,
powerbi-docs/visuals/power-bi-visualization-treemaps.md,Treemaps in Power BI - Power BI,1400.0,> 365 days,2023-12-25,2023-12-25
powerbi-docs/report-server/system-requirements.md,Hardware and software requirements for installing Power BI Report Server - Power BI,1384.0,> 365 days,2023-02-14,2023-02-14
powerbi-docs/connect-data/service-gateway-deployment-guidance.md,Guidance for deploying a data gateway for the Power BI service - Power BI,1364.0,> 365 days,2024-05-23,2024-05-23
powerbi-docs/connect-data/service-datasets-rename.md,New name for Power BI datasets - Power BI,1339.0,> 365 days,2023-11-14,2023-11-14
powerbi-docs/create-reports/desktop-evaluation-configuration.md,Evaluation configuration settings for Desktop - Power BI,1331.0,> 365 days,2022-08-13,2022-08-13
powerbi-docs/transform-model/dataflows/dataflows-configure-consume.md,Configure and consume a dataflow - Power BI,1315.0,> 365 days,2024-02-02,2024-02-02
powerbi-docs/developer/visuals/samples.md,Examples of Power BI visuals - Power BI,1312.0,> 365 days,2024-10-13,2024-10-13
powerbi-docs/developer/visuals/visual-project-structure.md,Power BI visual project structure - Power BI,1293.0,> 365 days,2024-06-09,2024-06-09
powerbi-docs/report-server/install-powerbi-desktop.md,Install Power BI Desktop for Power BI Report Server - Power BI,1271.0,> 365 days,2023-05-24,2023-05-24
powerbi-docs/visuals/power-bi-visualization-q-and-a.md,Create a Q&A visual in a report - Power BI,1263.0,> 365 days,2023-09-28,2023-09-28
powerbi-docs/developer/embedded/move-to-production.md,Move your Power BI embedded analytics app to production - Power BI,1262.0,> 365 days,2024-01-20,2024-01-20
powerbi-docs/troubleshoot.md,Power BI known issues and troubleshooting - Power BI,1190.0,> 365 days,2024-02-13,
powerbi-docs/paginated-reports/paginated-reports-odbc-support.md,Power BI gateway and Report Builder support for ODBC data sources - Power BI,1187.0,> 365 days,2023-09-28,2023-09-28
powerbi-docs/connect-data/desktop-tutorial-importing-and-analyzing-data-from-a-web-page.md,Tutorial: Import and analyze data from a webpage - Power BI,1187.0,> 365 days,2024-07-25,2024-07-25
powerbi-docs/create-reports/desktop-optimize-ribbon.md,Optimize ribbon in Power BI Desktop - Power BI,1184.0,> 365 days,2023-05-22,2023-05-22
powerbi-docs/developer/projects/projects-azdo.md,Azure DevOps integration with Power BI Desktop projects - Power BI,1166.0,> 365 days,2024-08-13,2024-08-13
powerbi-docs/connect-data/service-tutorial-connect-to-github.md,Tutorial: Connect to a GitHub repo with Power BI - Power BI,1165.0,> 365 days,2024-07-24,2024-07-24
powerbi-docs/connect-data/service-gateway-onprem-manage-oracle.md,Manage your data source - Oracle - Power BI,1159.0,> 365 days,2023-09-01,2023-09-01
powerbi-docs/developer/embedded/embedded-row-level-security.md,Security in Power BI embedded analytics - Power BI,1158.0,> 365 days,2024-05-14,2024-05-14
powerbi-docs/create-reports/copilot-prompts-report-pages.md,Write Copilot prompts for creating report pages in Power BI - Power BI,1157.0,> 365 days,2024-04-25,2024-04-25
powerbi-docs/visuals/power-bi-visualization-small-multiples.md,Create small multiples in Power BI - Power BI,1152.0,> 365 days,2024-06-21,2024-06-21
powerbi-docs/collaborate-share/service-automate-paginated-integration.md,Export paginated reports with Power Automate - Power BI,1149.0,271-365 days,2024-11-08,2024-11-08
powerbi-docs/developer/embedded/cloud-rls.md,Using standard cloud based row-level security with embedded content in Power BI embedded analytics - Power BI,1146.0,> 365 days,2024-08-05,2024-08-05
powerbi-docs/connect-data/desktop-python-in-query-editor.md,Use Python in Power BI Power Query Editor - Power BI,1132.0,> 365 days,2023-02-13,2023-02-13
powerbi-docs/create-reports/power-bi-report-filter-types.md,Types of filters in Power BI reports - Power BI,1131.0,> 365 days,2022-11-28,2022-11-28
powerbi-docs/natural-language/q-and-a-tooling-teach-q-and-a.md,Teach Q&A to understand questions and terms in Power BI Q&A - Power BI,1123.0,> 365 days,2024-07-11,2024-07-11
powerbi-docs/collaborate-share/service-data-lineage.md,Data lineage - Power BI,1109.0,> 365 days,2023-02-14,2023-02-14
powerbi-docs/create-reports/dynamics-quick-create-report.md,Visualize your data quickly from Power Apps and Dynamics 365 apps - Power BI,1102.0,> 365 days,2023-04-11,2023-04-11
powerbi-docs/connect-data/service-datasets-share.md,Share access to a semantic model - Power BI,1094.0,> 365 days,2024-07-24,2024-07-24
powerbi-docs/connect-data/service-gateway-mashup-on-premises-cloud.md,Merge or append on-premises and cloud data sources - Power BI,1071.0,> 365 days,2024-05-28,2024-05-28
powerbi-docs/create-reports/copilot-create-desktop-report.md,Create reports in Power BI Desktop with Copilot - Power BI,1061.0,> 365 days,2024-06-04,2024-06-04
powerbi-docs/create-reports/power-bi-slicer-hierarchy-multiple-fields.md,Add multiple fields to a hierarchy slicer - Power BI,1053.0,> 365 days,2023-01-12,2023-01-12
powerbi-docs/paginated-reports/report-builder-shared-datasets.md,Create a paginated report based on a Power BI shared dataset - Power BI,1044.0,> 365 days,2023-04-12,2023-04-12
powerbi-docs/natural-language/q-and-a-copilot-enhancements.md,Enhance Q&A with Copilot for Power BI - Power BI,1022.0,> 365 days,2024-04-10,2024-04-10
powerbi-docs/create-reports/service-dashboard-pin-live-tile-from-report.md,Pin an entire report page to a Power BI dashboard - Power BI,1017.0,> 365 days,2024-06-25,2024-06-25
powerbi-docs/visuals/power-bi-report-add-visualizations-i.md,Add visualizations to a Power BI report (part 1) - Power BI,1009.0,> 365 days,2023-07-15,2023-07-15
powerbi-docs/developer/embedded/configure-credentials.md,Configure credentials programmatically for Power BI embedded analytics - Power BI,986.0,> 365 days,2024-05-21,2024-05-21
powerbi-docs/report-server/whats-new.md,What's new in Power BI Report Server - Power BI,973.0,> 365 days,2024-07-17,2024-07-17
powerbi-docs/create-reports/desktop-certificate-revocation.md,"Certificate revocation check, Power BI Desktop - Power BI",967.0,> 365 days,2023-03-06,2023-03-06
powerbi-docs/connect-data/service-gateway-sso-overview.md,Overview of single sign-on for on-premises data gateways - Power BI,951.0,> 365 days,2023-08-25,2023-08-25
powerbi-docs/connect-data/service-publish-from-excel.md,Publish to Power BI from Microsoft Excel - Power BI,944.0,> 365 days,2024-07-19,2024-07-19
powerbi-docs/developer/visuals/enable-sync-slicers.md,Enable the Sync Slicers feature in Power BI visuals - Power BI,936.0,> 365 days,2023-12-02,2023-12-02
powerbi-docs/paginated-reports/paginated-reports-download-rdl.md,Create a paginated report from a Power BI report or dataset - Power BI,924.0,> 365 days,2023-01-11,2023-01-11
powerbi-docs/developer/visuals.md,Power BI visuals documentation - Power BI,924.0,> 365 days,,
powerbi-docs/developer/embedded/power-bi-playground.md,What is the Power BI embedded analytics playground - Power BI,922.0,> 365 days,2024-03-03,2024-03-03
powerbi-docs/connect-data/incremental-refresh-troubleshoot.md,Troubleshoot incremental refresh and real-time data - Power BI,907.0,> 365 days,2024-04-26,2024-04-26
powerbi-docs/report-server/scheduled-refresh.md,Power BI report scheduled refresh in Power BI Report Server - Power BI,903.0,> 365 days,2021-05-18,2021-05-18
powerbi-docs/create-reports/desktop-set-visual-query-limits.md,Set visual query limits in Power BI Desktop - Power BI,863.0,> 365 days,2023-05-23,2023-05-23
powerbi-docs/visuals/service-r-visuals.md,Create advanced analytics and visualizations using R scripts - Power BI,855.0,> 365 days,2024-02-20,2024-02-20
powerbi-docs/connect-data/service-datasets-copy-reports.md,Copy reports from other apps or workspaces - Power BI,848.0,> 365 days,2023-07-20,2023-07-20
powerbi-docs/report-server/row-level-security-report-server.md,Row-level security (RLS) in Power BI Report Server - Power BI,834.0,> 365 days,2024-01-16,2024-01-16
powerbi-docs/paginated-reports/parameters/paginated-reports-create-parameters.md,Create parameters for paginated reports in Power BI Report Builder - Power BI,834.0,> 365 days,2024-06-25,2024-06-25
powerbi-docs/create-reports/desktop-visual-elements-for-reports.md,Use visual elements to enhance Power BI reports - Power BI,832.0,> 365 days,2024-07-25,2024-07-25
powerbi-docs/report-server/upgrade.md,Upgrade Power BI Report Server - Power BI,828.0,> 365 days,2022-01-06,2022-01-06
powerbi-docs/paginated-reports/paginated-reports-faq.md,Paginated reports in Power BI: FAQ - Power BI,812.0,> 365 days,2024-10-18,
powerbi-docs/create-reports/power-bi-report-filter.md,Format filters in Power BI reports - Power BI,810.0,> 365 days,2023-01-10,2023-01-10
powerbi-docs/create-reports/service-interact-quick-report.md,"Interact with autogenerated ""quick"" reports in the Power BI service - Power BI",799.0,> 365 days,2022-09-21,2022-09-21
powerbi-docs/connect-data/service-datasets-discover-across-workspaces.md,Create reports based on semantic models from different workspaces - Power BI,788.0,> 365 days,2024-07-15,2024-07-15
powerbi-docs/collaborate-share/service-endorse-content.md,Endorse your content - Power BI,773.0,> 365 days,2024-07-23,2024-07-23
powerbi-docs/visuals/power-bi-visualization-column-chart-format-settings.md,Column chart format settings - Power BI,771.0,> 365 days,2024-10-18,
powerbi-docs/paginated-reports/parameters/report-builder-parameters.md,Report parameters in Power BI Report Builder - Power BI,761.0,> 365 days,2023-02-16,2023-02-16
powerbi-docs/developer/embedded/change-permissions.md,Edit your Microsoft Entra app's permission settings - Power BI,747.0,> 365 days,2024-10-21,2024-10-21
powerbi-docs/visuals/service-getting-started-with-color-formatting-and-axis-properties.md,Get started formatting report visualizations - Power BI,743.0,> 365 days,2023-12-19,2023-12-19
powerbi-docs/create-reports/service-insights.md,Generate data insights on your semantic model automatically - Power BI,743.0,> 365 days,2023-01-19,2023-01-19
powerbi-docs/collaborate-share/dynamic-subscriptions.md,Create a dynamic subscription for a paginated report - Power BI,738.0,> 365 days,2024-01-08,2024-01-08
powerbi-docs/transform-model/desktop-data-categorization.md,Data categorization in Power BI Desktop - Power BI,729.0,> 365 days,2024-07-25,2024-07-25
powerbi-docs/connect-data/desktop-connect-to-web.md,Connect to a webpage from Power BI Desktop - Power BI,724.0,> 365 days,2024-07-25,2024-07-25
powerbi-docs/connect-data/desktop-python-ide.md,Use an external Python IDE with Power BI - Power BI,722.0,> 365 days,2023-01-12,2023-01-12
powerbi-docs/developer/visuals/custom-visual-licenses.md,License models for Power BI AppSource visuals - Power BI,712.0,> 365 days,2024-06-05,2024-06-05
powerbi-docs/connect-data/service-comma-separated-value-files.md,Get data from comma separated value (CSV) files - Power BI,705.0,> 365 days,2024-01-17,2024-01-17
powerbi-docs/connect-data/desktop-analysis-services-tabular-data.md,Connect to Analysis Services data in Power BI Desktop - Power BI,696.0,> 365 days,2024-07-25,2024-07-25
powerbi-docs/connect-data/service-admin-troubleshooting-power-bi-personal-gateway.md,Troubleshoot Power BI gateway (personal mode) - Power BI,689.0,> 365 days,2024-05-28,2024-05-28
powerbi-docs/paginated-reports/parameters/pass-report-parameter-url.md,Pass a report parameter within a URL for a Power BI paginated report - Power BI,686.0,> 365 days,2023-01-25,2023-01-25
powerbi-docs/connect-data/service-connect-to-services.md,Connect to the services you use with Power BI - Power BI,675.0,> 365 days,2024-07-26,2024-07-26
powerbi-docs/collaborate-share/service-share-reports.md,Share a filtered Power BI report - Power BI,657.0,> 365 days,2023-06-22,2023-06-22
powerbi-docs/transform-model/desktop-measure-copilot-descriptions.md,Use Copilot to create measure descriptions - Power BI,640.0,> 365 days,2024-04-10,2024-04-10
powerbi-docs/natural-language/q-and-a-tooling-intro.md,Intro to Q&A tooling to train Power BI Q&A (preview) - Power BI,638.0,> 365 days,2023-11-02,2023-11-02
powerbi-docs/connect-data/real-time-intelligence-sample.md,Try a Real-Time Intelligence sample - Power BI,625.0,> 365 days,2024-09-19,2024-09-19
powerbi-docs/report-server/install-report-builder.md,Install Microsoft Report Builder - Power BI Report Server - Power BI,624.0,> 365 days,2023-01-19,2023-01-19
powerbi-docs/developer/visuals/power-bi-custom-visuals-organization.md,Organization visuals in Power BI - Power BI,623.0,> 365 days,2024-02-27,2024-02-27
powerbi-docs/create-reports/power-bi-create-mobile-optimized-report-order-layers.md,Rearrange visual layering - Power BI,619.0,> 365 days,2024-07-26,2024-07-26
powerbi-docs/developer/visuals/about-dialog.md,Power BI visuals About dialog - Power BI,616.0,> 365 days,2024-07-15,2024-07-15
powerbi-docs/report-server/microsoft-entra-application-proxy.md,Configure Power BI Report Server with Microsoft Entra application proxy - Power BI,610.0,> 365 days,2024-07-18,2024-07-18
powerbi-docs/report-server/developer-handbook-overview.md,"Developer handbook overview, Power BI Report Server - Power BI",607.0,> 365 days,2017-11-01,2017-11-01
powerbi-docs/paginated-reports/paginated-reports-data-sources.md,Supported data sources for Power BI paginated reports - Power BI,604.0,> 365 days,2024-08-26,2024-08-26
powerbi-docs/create-reports/service-add-hyperlink-to-text-box.md,Add a hyperlink to a text box in a report - Power BI,603.0,> 365 days,2024-06-21,2024-06-21
powerbi-docs/connect-data/service-gateway-enterprise-manage-sql.md,Manage a SQL Server data source - Power BI,598.0,> 365 days,2024-06-28,2024-06-28
powerbi-docs/developer/visuals/create-react-visual.md,Create a React-based visual for Power . - Power BI,597.0,> 365 days,2024-10-12,2024-10-12
powerbi-docs/create-reports/service-report-create-new.md,Create a report from an Excel file in the Power BI service  - Power BI,595.0,> 365 days,2023-04-03,2023-04-03
powerbi-docs/visuals/power-bi-data-points.md,Apply data point limits and strategies by visual type - Power BI,589.0,> 365 days,2024-03-26,2024-03-26
powerbi-docs/create-reports/copilot-prompts-narratives.md,Write Copilot prompts to create narrative visuals in Power BI - Power BI,587.0,> 365 days,2024-01-11,2024-01-11
powerbi-docs/create-reports/power-bi-report-settings.md,Change settings for Power BI reports - Power BI,586.0,> 365 days,2024-06-25,2024-06-25
powerbi-docs/natural-language/q-and-a-best-practices.md,Best practices to optimize Q&A - Power BI,584.0,> 365 days,2023-01-06,2023-01-06
powerbi-docs/report-server/migrate-report-server.md,Migrate a report server installation - Power BI,581.0,> 365 days,2019-05-13,2019-05-13
powerbi-docs/connect-data/service-template-apps-install-distribute.md,"Install, share, and update template apps in your organization with Power BI - Power BI",578.0,> 365 days,2023-02-08,2023-02-08
powerbi-docs/developer/visuals/capabilities.md,Capabilities and properties of Power BI visuals - Power BI,572.0,> 365 days,2023-12-12,2023-12-12
powerbi-docs/create-reports/service-dashboard-edit-tile.md,Create or edit a dashboard tile - Power BI,560.0,> 365 days,2023-02-15,2023-02-15
powerbi-docs/connect-data/desktop-tutorial-row-level-security-onprem-ssas-tabular.md,Dynamic row-level security with Analysis services tabular model - Power BI,558.0,> 365 days,2024-01-16,2024-01-16
powerbi-docs/paginated-reports/report-design/add-background-image-report-builder-service.md,Add a background image to a Power BI paginated report - Power BI,558.0,> 365 days,2023-04-17,2023-04-17
powerbi-docs/create-reports/desktop-tips-and-tricks-for-creating-reports.md,Tips and tricks for creating reports in Power BI - Power BI,551.0,> 365 days,2024-03-07,2024-03-07
powerbi-docs/create-reports/service-dashboard-copy.md,Create a copy of a Power BI dashboard - Power BI,551.0,> 365 days,2023-02-27,2023-02-27
powerbi-docs/developer/embedded/embedded-performance-best-practices.md,Best practices for faster performance in Power BI embedded analytics - Power BI,549.0,> 365 days,2024-05-06,2024-05-06
powerbi-docs/report-server/rest-api.md,Develop with the REST APIs for Power BI Report Server - Power BI,549.0,> 365 days,2024-02-06,2024-02-06
powerbi-docs/developer/embedded/azure-pbie-create-capacity.md,Create Power BI Embedded capacity in the Azure portal - Power BI,548.0,> 365 days,2024-08-02,2024-08-02
powerbi-docs/create-reports/power-bi-on-object-interaction.md,Use on-object interaction with visuals in your report (preview) - Power BI,544.0,> 365 days,2024-02-06,2024-02-06
powerbi-docs/paginated-reports/web-authoring/get-started-paginated-formatted-table.md,Get started creating paginated reports in the Power BI service - Power BI,539.0,> 365 days,2023-09-22,2023-09-22
powerbi-docs/natural-language/q-and-a-tooling-advanced.md,Edit Q&A linguistic schema and add phrasings in Power BI Desktop - Power BI,535.0,> 365 days,2023-01-12,2023-01-12
powerbi-docs/developer/embedded/troubleshoot-rest-api.md,Troubleshoot Power BI REST APIs - Power BI,530.0,> 365 days,2024-06-04,2024-06-04
powerbi-docs/developer/embedded/embedded-troubleshoot.md,Troubleshoot Power BI embedded analytics application - Power BI,529.0,> 365 days,2024-01-24,2024-01-24
powerbi-docs/paginated-reports/paginated-reports-change-log.md,Power BI Report Builder change log - Power BI,528.0,> 365 days,2024-09-17,2024-09-17
powerbi-docs/connect-data/desktop-discourage-directquery-connections-to-dataset.md,Manage DirectQuery connections to a published semantic model - Power BI,521.0,> 365 days,2023-02-01,2023-02-01
powerbi-docs/transform-model/quick-measure-suggestions.md,Quick measure suggestions - Power BI,516.0,> 365 days,2024-10-07,2024-10-07
powerbi-docs/create-reports/power-bi-slicer-filter-responsive.md,Create a responsive slicer you can resize in Power BI - Power BI,503.0,> 365 days,2023-01-17,2023-01-17
powerbi-docs/developer/projects.md,Power BI Desktop developer mode documentation - Power BI,495.0,> 365 days,2024-02-14,
powerbi-docs/collaborate-share/service-troubleshoot-subscribe.md,FAQs about Troubleshoot subscribing to dashboards and reports - Power BI,488.0,271-365 days,2024-11-12,
powerbi-docs/paginated-reports/paginated-reports-rls.md,Set up row-level security in Power BI paginated reports - Power BI,488.0,> 365 days,2023-12-04,2023-12-04
powerbi-docs/collaborate-share/service-discovery.md,Semantic model discoverability - Power BI,483.0,> 365 days,2023-02-17,2023-02-17
powerbi-docs/collaborate-share/service-dataset-impact-analysis.md,Semantic model impact analysis - Power BI,482.0,> 365 days,2023-02-17,2023-02-17
powerbi-docs/developer/visuals/create-bar-chart.md,Build a bar chart visual in Power BI - Power BI,478.0,> 365 days,2024-05-13,2024-05-13
powerbi-docs/collaborate-share/service-dataset-external-org-share-about.md,Power BI in-place semantic model sharing with guest users in external organizations (preview) - Power BI,466.0,> 365 days,2022-12-12,2022-12-12
powerbi-docs/paginated-reports/paginated-reports-save-to-power-bi-service.md,Publish a paginated report to the Power BI service - Power BI,464.0,> 365 days,2023-01-18,2023-01-18
powerbi-docs/paginated-reports/report-builder-url-parameters.md,URL parameters in paginated reports in Power BI - Power BI,459.0,> 365 days,2023-01-18,2023-01-18
powerbi-docs/developer/visuals/office-store.md,Publish Power BI visuals - Power BI,458.0,> 365 days,2024-06-09,2024-06-09
powerbi-docs/create-reports/service-rename.md,"Rename dashboards, reports, workspaces, report pages, semantic models - Power BI",457.0,> 365 days,2023-01-24,2023-01-24
powerbi-docs/collaborate-share/service-troubleshoot-sharing.md,Troubleshoot sharing dashboards and reports - Power BI,456.0,> 365 days,2022-12-16,2022-12-16
powerbi-docs/report-server/support-timeline.md,Support timeline for Power BI Report Server - Power BI,442.0,> 365 days,2024-05-24,2024-05-24
powerbi-docs/connect-data/service-gateway-enterprise-manage-scheduled-refresh.md,Manage your data source - import and scheduled refresh - Power BI,442.0,> 365 days,2023-02-14,2023-02-14
powerbi-docs/create-reports/service-interact-with-a-report-in-editing-view.md,Interact with a report in Editing view - Power BI,441.0,> 365 days,2023-01-24,2023-01-24
powerbi-docs/transform-model/value-filter-behavior.md,Work with value filter behavior in Power BI - Power BI,441.0,> 365 days,2024-10-10,2024-10-10
powerbi-docs/collaborate-share/service-create-excel-featured-tables.md,Set featured tables in Power BI Desktop to appear in Excel - Power BI,440.0,> 365 days,2022-12-16,2022-12-16
powerbi-docs/create-reports/desktop-multi-select.md,"Multi-select data elements, data points, and visuals - Power BI",439.0,> 365 days,2023-01-17,2023-01-17
powerbi-docs/create-reports/service-dashboard-pin-tile-from-excel.md,How to pin a tile to a Power BI dashboard from Excel - Power BI,418.0,> 365 days,2023-03-06,2023-03-06
powerbi-docs/report-server/quickstart-embed.md,Embed a Power BI Report Server report using an iFrame in SharePoint Server - Power BI,415.0,> 365 days,2023-10-02,2023-10-02
powerbi-docs/paginated-reports/report-builder/export-reports-report-builder.md,Export Power BI paginated reports - Power BI,413.0,> 365 days,2023-03-02,2023-03-02
powerbi-docs/report-server/admin-handbook-overview.md,"Admin overview, Power BI Report Server - Power BI",412.0,> 365 days,2019-05-22,2019-05-22
powerbi-docs/paginated-reports/paginated-reports-pagination.md,Pagination in Power BI paginated reports - Power BI,411.0,> 365 days,2023-10-09,2023-10-09
powerbi-docs/connect-data/service-template-apps-create.md,Create template apps in Power BI - Power BI,401.0,> 365 days,2023-03-17,2023-03-17
powerbi-docs/visuals/power-bi-visualization-card-visual-considerations.md,(new) Card visual considerations & limitations - Power BI,397.0,> 365 days,2024-09-27,2024-09-27
powerbi-docs/connect-data/service-datasets-admin-across-workspaces.md,Control the use of semantic models across workspaces - Power BI,395.0,> 365 days,2024-04-01,2024-04-01
powerbi-docs/developer/visuals/power-bi-custom-visuals-faq.md,Frequently asked questions about Power BI visuals - Power BI,388.0,> 365 days,2023-12-29,
powerbi-docs/paginated-reports/expressions/report-builder-expression-examples.md,Expression examples in Power BI Report Builder - Power BI,383.0,> 365 days,2023-01-05,2023-01-05
powerbi-docs/create-reports/service-pin-tile-to-another-dashboard.md,Pin a tile from one dashboard to another dashboard - Power BI,381.0,> 365 days,2023-02-28,2023-02-28
powerbi-docs/developer/embedded/monitor-power-bi-embedded.md,Monitor Power BI Embedded - Power BI,377.0,> 365 days,2024-07-30,2024-07-30
powerbi-docs/developer/visuals/entra-id-authentication.md,Microsoft Entra ID application setup - Power BI,365.0,> 365 days,2024-07-11,2024-07-11
powerbi-docs/report-server/configure-scheduled-refresh.md,How to configure Power BI report scheduled refresh - Power BI,364.0,> 365 days,2020-06-10,2020-06-10
powerbi-docs/paginated-reports/report-builder-tables-matrices-lists.md,"Tables, matrixes, and lists in Power BI Report Builder - Power BI",363.0,> 365 days,2023-01-24,2023-01-24
powerbi-docs/report-server/capacity-planning.md,Capacity planning guidance for Power BI Report Server - Power BI,355.0,> 365 days,2020-04-02,2020-04-02
powerbi-docs/create-reports/desktop-optimize-ribbon-scenarios.md,DirectQuery optimization scenarios with the Optimize ribbon in Power BI Desktop - Power BI,353.0,> 365 days,2023-05-22,2023-05-22
powerbi-docs/connect-data/service-gateway-power-bi-faq.md,On-premises data gateway FAQ - Power BI,352.0,> 365 days,2023-01-27,
powerbi-docs/developer/embedded/embed-sample-for-customers-national-clouds.md,Embed content in your Power BI embedded analytics application for government and national/regional clouds - Power BI,351.0,> 365 days,2024-03-07,2024-03-07
powerbi-docs/developer/visuals/create-display-dialog-box.md,Creating a dialog box in a Power BI visual - Power BI,347.0,> 365 days,2023-12-30,2023-12-30
powerbi-docs/developer/embedded/load-assessment-planning-tool.md,Power BI embedded analytics assess load - Power BI,347.0,> 365 days,2024-06-04,2024-06-04
powerbi-docs/create-reports/power-bi-create-mobile-optimized-report-best-practices.md,Best practices for creating mobile-optimized Power BI reports - Power BI,340.0,> 365 days,2024-06-05,2024-06-05
powerbi-docs/paginated-reports/report-design/filter-group-sort-data-report-builder.md,"Filter, group, and sort data in Power BI paginated reports - Power BI",338.0,> 365 days,2023-06-26,2023-06-26
powerbi-docs/consumer/end-user-faq.md,Frequently asked end-user questions in Power BI - Power BI,338.0,> 365 days,2024-02-07,
powerbi-docs/paginated-reports/report-design/add-filter-report-builder.md,Add a filter to a Power BI paginated report - Power BI,337.0,> 365 days,2023-06-26,2023-06-26
powerbi-docs/visuals/power-bi-visualization-matrix-visual-considerations.md,Matrix visual considerations and limitations - Power BI,336.0,> 365 days,2024-10-02,2024-10-02
powerbi-docs/developer/visuals/package-visual.md,Package a Power BI visual - Power BI,335.0,> 365 days,2024-06-03,2024-06-03
powerbi-docs/transform-model/dataflows/dataflows-premium-workload-configuration.md,Configure Power BI Premium dataflow workloads - Power BI,334.0,> 365 days,2024-10-07,2024-10-07
powerbi-docs/developer/embedded/azure-pbie-scale-capacity.md,Scale your Power BI Embedded capacity - Power BI,332.0,> 365 days,2024-06-03,2024-06-03
powerbi-docs/developer/visuals/custom-visual-develop-tutorial-format-options.md,Add formatting options to a Power BI custom visual - Power BI,331.0,> 365 days,2024-10-10,2024-10-10
powerbi-docs/collaborate-share/service-excel-featured-tables.md,Access Power BI featured tables in Excel - Power BI,331.0,> 365 days,2023-03-06,2023-03-06
powerbi-docs/connect-data/service-gateway-azure-active-directory-sso.md,Microsoft Entra SSO - Power BI,330.0,> 365 days,2024-06-27,2024-06-27
powerbi-docs/create-reports/service-create-dashboard-mobile-phone-view.md,Optimize a dashboard for mobile phones - Power BI,330.0,> 365 days,2023-02-22,2023-02-22
powerbi-docs/developer/visuals/guidelines-powerbi-visuals.md,Guidelines for publishing Power BI custom visuals - Power BI,329.0,> 365 days,2024-07-02,2024-07-02
powerbi-docs/paginated-reports/troubleshoot-paginated-reports-execution-issues.md,Troubleshoot paginated report execution issues - Power BI,321.0,> 365 days,2024-01-08,2024-01-08
powerbi-docs/paginated-reports/paginated-reports-report-design-view.md,Get around Report Design View for paginated reports - Power BI,317.0,> 365 days,2023-01-24,2023-01-24
powerbi-docs/guidance/powerbi-migration-deploy-support-monitor.md,Deploy to Power BI - Power BI,308.0,271-365 days,2024-12-30,
powerbi-docs/report-server/connect-data-source-apis.md,Change data source connection strings with PowerShell - Power BI,304.0,> 365 days,2021-03-09,2021-03-09
powerbi-docs/paginated-reports/report-data/data-connections-data-sources-connection-strings-report-builder.md,Create data connection strings (Power BI Report Builder) - Power BI,303.0,> 365 days,2024-09-25,2024-09-25
powerbi-docs/paginated-reports/report-builder/export-microsoft-excel-report-builder.md,Export Power BI paginated report to Microsoft Excel (Power BI Report Builder) - Power BI,302.0,> 365 days,2023-03-02,2023-03-02
powerbi-docs/developer/visuals/power-bi-visuals-concept.md,Power BI visual system integration - Power BI,299.0,> 365 days,2024-01-04,2024-01-04
powerbi-docs/developer/visuals/objects-properties.md,Objects and properties of Power BI visuals - Power BI,298.0,> 365 days,2024-10-11,2024-10-11
powerbi-docs/paginated-reports/paginated-capacity-planning.md,Paginated reports capacity planning for Power BI Premium - Power BI,298.0,> 365 days,2024-01-21,2024-01-21
powerbi-docs/paginated-reports/report-definition-language.md,Report Definition Language - Power BI,297.0,> 365 days,2023-03-22,2023-03-22
powerbi-docs/visuals/power-bi-report-add-visualizations-ii.md,Add visualizations to a Power BI report (part 2) - Power BI,296.0,> 365 days,2023-12-25,2023-12-25
powerbi-docs/transform-model/log-analytics/desktop-log-analytics-faq.md,Azure Log Analytics in Power BI - FAQ - Power BI,289.0,> 365 days,2024-10-01,2024-10-01
powerbi-docs/paginated-reports/report-design/setting-time-out-values-for-report-dataset-processing.md,Set time-out values for Power BI paginated report dataset processing - Power BI,288.0,> 365 days,2023-07-11,2023-07-11
powerbi-docs/transform-model/desktop-mobile-geofiltering.md,Set geographic filters in Power BI Desktop - Power BI,286.0,> 365 days,2024-10-01,2024-10-01
powerbi-docs/visuals/power-bi-visualization-troubleshoot.md,Troubleshoot visualizations in Power BI - Power BI,286.0,> 365 days,2024-10-10,2024-10-10
powerbi-docs/collaborate-share/service-dataset-external-org-share-admin.md,Share B2B semantic models with external guest users (preview) - Power BI,279.0,> 365 days,2024-02-07,2024-02-07
powerbi-docs/transform-model/desktop-connect-dataflows.md,Connect to Power Platform dataflows in Power BI Desktop - Power BI,279.0,> 365 days,2024-09-30,2024-09-30
powerbi-docs/create-reports/desktop-r-powered-custom-visuals.md,Use R-powered Power BI visuals in Power BI - Power BI,277.0,> 365 days,2022-09-27,2022-09-27
powerbi-docs/developer/visuals/conditional-format.md,Conditional formatting of Power BI custom visuals - Power BI,276.0,> 365 days,2024-08-19,2024-08-19
powerbi-docs/report-server/custom-visuals-troubleshoot.md,Troubleshoot custom visuals in Power BI Desktop for Power BI Report Server - Power BI,272.0,> 365 days,2021-09-02,2021-09-02
powerbi-docs/create-reports/service-item-contact.md,Set contact information for reports and dashboards  in the Power BI service - Power BI,268.0,> 365 days,2023-02-28,2023-02-28
powerbi-docs/connect-data/service-gateway-active-directory-sso.md,Active Directory (AD) SSO - Power BI,268.0,> 365 days,2024-06-28,2024-06-28
powerbi-docs/connect-data/create-dataset-log-analytics.md,Create a semantic model from Log Analytics - Power BI,267.0,> 365 days,2023-03-06,2023-03-06
powerbi-docs/collaborate-share/service-automate-paginated-onedrive-sharepoint.md,Save a paginated report to OneDrive for work or school or SharePoint Online - Power BI,261.0,> 365 days,2022-12-16,2022-12-16
powerbi-docs/developer/visuals/utils-svg.md,Introduction to SVG utils in Power BI visuals - Power BI,260.0,> 365 days,2024-01-10,2024-01-10
powerbi-docs/transform-model/dataflows/dataflows-streaming.md,Streaming dataflows (preview) - Power BI,257.0,> 365 days,2024-10-07,2024-10-07
powerbi-docs/report-server/scheduled-refresh-troubleshoot.md,Troubleshoot scheduled refresh in Power BI Report Server - Power BI,255.0,> 365 days,2017-11-01,2017-11-01
powerbi-docs/paginated-reports/report-builder/print-report-report-builder.md,Print a report (Power BI Report Builder) - Power BI,251.0,> 365 days,2023-06-15,2023-06-15
powerbi-docs/developer/visuals/landing-page.md,Add a landing page to your Power BI visuals - Power BI,250.0,> 365 days,2024-06-17,2024-06-17
powerbi-docs/paginated-reports/report-design/visualizations/specify-axis-interval-report-builder.md,Specify an axis interval in a Power BI paginated report - Power BI,250.0,> 365 days,2023-03-17,2023-03-17
powerbi-docs/collaborate-share/service-featured-content.md,Feature recommended content on colleagues' Power BI Home page - Power BI,247.0,> 365 days,2022-08-16,2022-08-16
powerbi-docs/paginated-reports/report-builder-previewing-reports.md,Preview reports in Power BI Report Builder - Power BI,246.0,> 365 days,2023-12-18,2023-12-18
powerbi-docs/collaborate-share/service-automate-paginated-local-file.md,Save a paginated report to a local folder with Power Automate - Power BI,244.0,> 365 days,2023-01-06,2023-01-06
powerbi-docs/collaborate-share/service-automate-paginated-excel-sharepoint-list.md,Export a paginated report for each row in an Excel Online table or SharePoint list - Power BI,244.0,> 365 days,2023-01-10,2023-01-10
powerbi-docs/developer/visuals/submission-testing.md,Testing submissions of Power BI custom visuals - Power BI,243.0,> 365 days,2024-06-09,2024-06-09
powerbi-docs/report-server/connect-adfs-wap-report-server.md,Use Web Application Proxy and Active Directory Federated Services - Power BI Report Server - Power BI,243.0,> 365 days,2024-08-29,2024-08-29
powerbi-docs/paginated-reports/paginated-reports-enter-data.md,Enter data directly into a paginated report in Report Builder - Power BI,240.0,> 365 days,2023-01-25,2023-01-25
powerbi-docs/create-reports/service-create-qr-code-for-tile.md,Create a QR code for a tile to use in Power BI mobile apps - Power BI,240.0,> 365 days,2024-10-24,2024-10-24
powerbi-docs/create-reports/service-create-qr-code-for-report.md,Create a QR code for a report to use in Power BI mobile apps - Power BI,239.0,> 365 days,2023-02-07,2023-02-07
powerbi-docs/paginated-reports/subreports.md,Subreports in Power BI paginated reports - Power BI,236.0,> 365 days,2023-01-17,2023-01-17
powerbi-docs/paginated-reports/report-design/visualizations/add-moving-average-chart-report-builder.md,Adding a moving average to a chart in Power BI paginated report - Power BI,236.0,271-365 days,2024-11-07,2024-11-07
powerbi-docs/create-reports/service-insights-optimize.md,Optimize your data for Power BI Quick Insights - Power BI,233.0,> 365 days,2023-02-28,2023-02-28
powerbi-docs/paginated-reports/report-design/visualizations/chart-legend-formatting-report-builder.md,Format the legend on a Power BI paginated report chart - Power BI,233.0,> 365 days,2023-03-17,2023-03-17
powerbi-docs/paginated-reports/report-design/add-page-break-report-builder.md,Add a page break to a Power BI paginated report - Power BI,233.0,> 365 days,2023-06-26,2023-06-26
powerbi-docs/paginated-reports/parameters/associate-query-parameter-report-parameter-report-builder.md,Associate a query parameter with a report parameter for a paginated report (Power BI Report Builder) - Power BI,228.0,> 365 days,2023-01-25,2023-01-25
powerbi-docs/paginated-reports/report-design/visualizations/pie-charts-report-builder.md,Pie charts in Power BI paginated reports - Power BI,226.0,> 365 days,2023-04-24,2023-04-24
powerbi-docs/visuals/power-bi-visualization-move-and-resize.md,"Move, resize, and pop out a visualization - Power BI",224.0,> 365 days,2023-01-03,2023-01-03
powerbi-docs/paginated-reports/report-data/oracle-connection-type.md,Oracle connection type (Power BI Report Builder) - Power BI,224.0,> 365 days,2023-10-09,2023-10-09
powerbi-docs/connect-data/service-connect-to-zendesk.md,Connect to Zendesk with Power BI - Power BI,222.0,> 365 days,2023-07-25,2023-07-25
powerbi-docs/developer/visuals/authentication-api.md,The authentication API in Power BI custom visuals - Power BI,222.0,> 365 days,2024-06-26,2024-06-26
powerbi-docs/paginated-reports/report-design/drillthrough-drilldown-subreports-nested-data-regions.md,"Drillthrough, drilldown, subreports, and nested data regions in a Power BI paginated report - Power BI",220.0,> 365 days,2023-04-10,2023-04-10
powerbi-docs/paginated-reports/parameters/add-multi-value-parameter-to-report.md,Add a multi-value parameter to a paginated report - Power BI,218.0,> 365 days,2023-06-28,2023-06-28
powerbi-docs/paginated-reports/web-authoring/paginated-formatted-table.md,Create paginated reports that you can export in the Power BI service (Preview) - Power BI,217.0,> 365 days,2024-10-16,2024-10-16
powerbi-docs/report-server/mobile-oauth-ssrs.md,Connect to Power BI Report Server and SSRS from Power BI mobile applications - Power BI,213.0,> 365 days,2024-08-29,2024-08-29
powerbi-docs/developer/visuals/sort-options.md,Sorting options for Power BI visuals - Power BI,212.0,> 365 days,2024-10-12,2024-10-12
powerbi-docs/create-reports/power-bi-create-mobile-optimized-report-format-visuals.md,Optimize visual formatting for mobile layout - Power BI,210.0,> 365 days,2024-03-25,2024-03-25
powerbi-docs/paginated-reports/expressions/report-builder-expressions.md,Expressions in Power BI Report Builder - Power BI,210.0,> 365 days,2023-01-18,2023-01-18
powerbi-docs/paginated-reports/report-design/tables-report-builder.md,Tables in Power BI paginated reports - Power BI,208.0,> 365 days,2023-10-03,2023-10-03
powerbi-docs/paginated-reports/report-builder/export-pdf-file-report-builder.md,Export Power BI paginated report to a PDF File (Power BI Report Builder) - Power BI,205.0,> 365 days,2024-08-26,2024-08-26
powerbi-docs/paginated-reports/report-design/change-row-height-column-width-report-builder.md,Change row height or column width in a Power BI paginated report - Power BI,202.0,> 365 days,2023-10-03,2023-10-03
powerbi-docs/developer/embedded/paginated-reports-row-level-security.md,Use row-level security when embedding paginated reports - Power BI,198.0,> 365 days,2024-06-04,2024-06-04
powerbi-docs/paginated-reports/report-builder-design-tips.md,Design tips for reports in Power BI Report Builder - Power BI,196.0,> 365 days,2023-01-18,2023-01-18
powerbi-docs/report-server/getting-around.md,Manage content in the Power BI Report Server web portal - Power BI,195.0,> 365 days,2018-05-24,2018-05-24
powerbi-docs/collaborate-share/service-power-bi-get-started-third-party-apps.md,Work with third-party apps in Power BI - Power BI,192.0,> 365 days,2024-06-02,2024-06-02
powerbi-docs/transform-model/datamarts/datamarts-understand.md,Understand datamarts (preview) - Power BI,187.0,> 365 days,2024-10-07,2024-10-07
powerbi-docs/paginated-reports/report-builder/export-microsoft-word-report-builder.md,Export Power BI paginated report to Microsoft Word (Power BI Report Builder) - Power BI,184.0,> 365 days,2023-09-20,2023-09-20
powerbi-docs/paginated-reports/report-design/visualizations/chart-legend-change-item-text-report-builder.md,Change the text of a legend item in Power BI paginated report - Power BI,182.0,> 365 days,2023-03-28,2023-03-28
powerbi-docs/paginated-reports/report-builder-planning-report.md,Plan a paginated report in Power BI Report Builder - Power BI,181.0,> 365 days,2023-01-26,2023-01-26
powerbi-docs/report-server/excel-oos.md,Host Excel workbooks using Office Online Server (OOS) - Power BI Report Server - Power BI,181.0,> 365 days,2021-10-19,2021-10-19
powerbi-docs/developer/embedded/embed-dynamic-binding.md,Connect a Power BI report to a dataset using dynamic binding - Power BI,178.0,> 365 days,2024-06-03,2024-06-03
powerbi-docs/paginated-reports/paginated-reports-embed.md,Embed a paginated report - Power BI,177.0,> 365 days,2023-01-31,2023-01-31
powerbi-docs/collaborate-share/service-monitor-usage-power-bi-datasets-excel.md,Monitor usage of Power BI semantic models in Excel - Power BI,175.0,> 365 days,2023-02-07,
powerbi-docs/transform-model/datamarts/datamarts-administration.md,Administration of datamarts (preview) - Power BI,174.0,> 365 days,2024-10-07,2024-10-07
powerbi-docs/developer/embedded/embedded-multi-geo.md,Multi-Geo support for Power BI embedded analytics - Power BI,173.0,> 365 days,2024-06-03,2024-06-03
powerbi-docs/paginated-reports/report-design/visualizations/add-border-frame-to-chart-report-builder.md,Add a border frame to a chart in Power BI paginated report - Power BI,172.0,> 365 days,2023-04-12,2023-04-12
powerbi-docs/paginated-reports/report-design/create-invoices-forms-lists-report-builder.md,Create invoices and forms with lists in a Power BI paginated report - Power BI,172.0,> 365 days,2023-10-03,2023-10-03
powerbi-docs/create-reports/service-dashboard-pin-tile-from-q-and-a.md,How to pin a tile to a dashboard from Q&A - Power BI,169.0,271-365 days,2024-11-05,2024-11-05
powerbi-docs/paginated-reports/report-design/images-report-builder-service.md,Images in Power BI paginated reports - Power BI,168.0,> 365 days,2023-04-17,2023-04-17
powerbi-docs/paginated-reports/report-design/create-matrix-report-builder.md,Create a matrix in a Power BI paginated report - Power BI,166.0,> 365 days,2023-10-03,2023-10-03
powerbi-docs/paginated-reports/report-builder/change-map-legends-color-scale-associated-rules-report-builder.md,"Change map legends, color scale, associated rules in a Power BI paginated report - Power BI",164.0,> 365 days,2023-02-13,2023-02-13
powerbi-docs/collaborate-share/service-share-dashboard-that-links-to-excel-onedrive.md,Share dashboard linked to an Excel file in OneDrive - Power BI,164.0,> 365 days,2022-12-07,2022-12-07
powerbi-docs/collaborate-share/service-data-source-impact-analysis.md,Data source impact analysis - Power BI,164.0,> 365 days,2023-01-21,2023-01-21
powerbi-docs/developer/visuals/create-ssl-certificate.md,Create SSL certificates for Power BI visuals - Power BI,163.0,> 365 days,2023-12-08,2023-12-08
powerbi-docs/developer/visuals/visuals-how-to-debug.md,Debug Power BI custom visuals - Power BI,162.0,> 365 days,2024-07-31,2024-07-31
powerbi-docs/developer/visuals/drill-down-support.md,Add drill-down support in Power BI - Power BI,160.0,> 365 days,2024-10-12,2024-10-12
powerbi-docs/paginated-reports/paginated-reports-edit-service.md,Edit a paginated report from the Power BI service using Report Builder - Power BI,160.0,> 365 days,2023-02-08,2023-02-08
powerbi-docs/transform-model/desktop-mobile-barcodes.md,Tag barcode fields in Power BI Desktop - Power BI,158.0,> 365 days,2023-03-13,2023-03-13
powerbi-docs/developer/visuals/selection-api.md,Power BI visual data point selections - Power BI,158.0,> 365 days,2023-12-29,2023-12-29
powerbi-docs/paginated-reports/page-view.md,Set report views for paginated reports in the Power BI service - Power BI,156.0,> 365 days,2023-01-25,2023-01-25
powerbi-docs/paginated-reports/report-design/visualizations/charts-report-builder.md,Charts in Power BI paginated reports - Power BI,154.0,> 365 days,2023-03-17,2023-03-17
powerbi-docs/transform-model/desktop-import-and-display-kpis.md,Import and display KPIs in Power BI - Power BI,153.0,> 365 days,2024-09-30,2024-09-30
powerbi-docs/create-reports/power-bi-create-mobile-optimized-report-initial-layout.md,Create an initial layout - Power BI,152.0,> 365 days,2024-03-25,2024-03-25
powerbi-docs/paginated-reports/report-design/format-report-items-report-builder.md,Format Power BI paginated report items - Power BI,150.0,> 365 days,2023-09-11,2023-09-11
powerbi-docs/developer/embedded/rls-sso.md,Use row-level security with token based identities - Power BI,149.0,271-365 days,2024-11-09,2024-11-09
powerbi-docs/connect-data/service-gateway-enterprise-manage-sap.md,Manage your data source - SAP HANA - Power BI,147.0,> 365 days,2023-02-02,2023-02-02
powerbi-docs/paginated-reports/report-design/understand-groups-report-builder.md,Understand groups in a Power BI paginated report - Power BI,146.0,> 365 days,2023-06-29,2023-06-29
powerbi-docs/developer/visuals/visuals-interactions.md,Visual interactions in Power BI visuals - Power BI,144.0,> 365 days,2024-10-22,2024-10-22
powerbi-docs/paginated-reports/report-design/drillthrough-reports-report-builder.md,Drillthrough reports in a Power BI paginated report - Power BI,144.0,> 365 days,2024-02-08,2024-02-08
powerbi-docs/paginated-reports/report-builder/export-csv-file-report-builder.md,Export Power BI paginated report to a CSV file - Power BI,143.0,> 365 days,2023-02-27,2023-02-27
powerbi-docs/report-server/quickstart-create-paginated-report.md,Create a paginated report for Power BI Report Server - Power BI,142.0,> 365 days,2022-06-22,2022-06-22
powerbi-docs/paginated-reports/report-design/page-layout-rendering-report-builder-service.md,Page layout and rendering in Power BI paginated reports - Power BI,137.0,> 365 days,2023-04-28,2023-04-28
powerbi-docs/paginated-reports/parameters/report-parameters-concepts-report-builder.md,Report parameter concepts in Power BI paginated reports - Power BI,136.0,> 365 days,2023-01-25,2023-01-25
powerbi-docs/paginated-reports/report-design/add-rectangle-container-report-builder.md,Add a rectangle or container to a Power BI paginated report - Power BI,136.0,> 365 days,2023-09-07,2023-09-07
powerbi-docs/paginated-reports/report-design/grouping-pane-report-builder.md,Grouping pane in a Power BI paginated report - Power BI,136.0,> 365 days,2023-06-28,2023-06-28
powerbi-docs/paginated-reports/report-builder/export-image-file-report-builder.md,Export Power BI paginated report to an Image File (Power BI Report Builder) - Power BI,134.0,> 365 days,2023-02-27,2023-02-27
powerbi-docs/developer/visuals/create-r-based-power-bi-desktop.md,Create an R-powered Power BI visual - Power BI,133.0,> 365 days,2024-01-11,2024-01-11
powerbi-docs/developer/visuals/context-menu.md,Add context menu to Power BI custom visual - Power BI,133.0,> 365 days,2024-07-22,2024-07-22
powerbi-docs/developer/visuals/filter-api.md,The Visual Filters API for better embedded BI insights - Power BI,131.0,> 365 days,2024-06-06,2024-06-06
powerbi-docs/paginated-reports/report-design/add-total-group-tablix-data-region-report-builder.md,Add a total to a group or tablix in a Power BI paginated report - Power BI,131.0,> 365 days,2023-10-03,2023-10-03
powerbi-docs/paginated-reports/report-design/control-row-column-headings-report-builder.md,Control row & column headings in a Power BI paginated report - Power BI,130.0,> 365 days,2023-10-03,2023-10-03
powerbi-docs/developer/visuals/localization.md,Add the locale in Power BI for Power BI visuals - Power BI,127.0,> 365 days,2024-10-10,2024-10-10
powerbi-docs/transform-model/desktop-formula-editor.md,Formula editor in Power BI Desktop - Power BI,126.0,> 365 days,2024-09-30,2024-09-30
powerbi-docs/paginated-reports/web-authoring/filters-paginated-service.md,Add filters when you create paginated reports in the Power BI service - Power BI,126.0,> 365 days,2023-10-09,2023-10-09
powerbi-docs/paginated-reports/report-design/process-large-reports.md,Process large Power BI paginated reports - Power BI,122.0,> 365 days,2023-01-24,2023-01-24
powerbi-docs/paginated-reports/report-design/visualizations/display-percentage-values-pie-chart-report-builder.md,Display percentage values on pie charts in Power BI paginated report - Power BI,121.0,> 365 days,2023-03-17,2023-03-17
powerbi-docs/developer/embedded/service-principal-profile-sdk.md,Use the Power BI SDK with service principal profiles - Power BI,120.0,> 365 days,2024-07-09,2024-07-09
powerbi-docs/paginated-reports/report-design/visualizations/chart-effects-add-3d-effects-report-builder.md,Add 3D effects to a Power BI paginated report chart - Power BI,118.0,> 365 days,2023-04-24,2023-04-24
powerbi-docs/paginated-reports/report-data/add-filter-to-dataset.md,Add a filter to a dataset (Power BI Report Builder) - Power BI,117.0,> 365 days,2023-09-11,2023-09-11
powerbi-docs/developer/visuals/performance-tips.md,Tips for creating quality Power BI custom visuals - Power BI,116.0,> 365 days,2024-05-15,2024-05-15
powerbi-docs/paginated-reports/report-design/sort-data-data-region-report-builder.md,Sort data in a data region in a Power BI paginated report - Power BI,115.0,> 365 days,2023-06-26,2023-06-26
powerbi-docs/collaborate-share/service-power-bi-powerpoint-add-in-national-clouds.md,The Power BI add-in for PowerPoint in national/regional clouds - Power BI,115.0,> 365 days,2024-02-25,2024-02-25
powerbi-docs/create-reports/service-q-and-a-create-featured-questions.md,Create Q&A featured questions for Power BI dashboards - Power BI,114.0,271-365 days,2024-11-05,2024-11-05
powerbi-docs/paginated-reports/parameters/add-change-or-delete-default-values-for-a-report-parameter.md,Add or modify default values for a Power BI paginated report parameter - Power BI,114.0,> 365 days,2023-01-23,2023-01-23
powerbi-docs/paginated-reports/report-design/display-row-column-headers-multiple-pages-report-builder.md,Show row and column headers on multiple pages in a Power BI paginated report - Power BI,110.0,> 365 days,2023-10-03,2023-10-03
powerbi-docs/report-server/rendering-extension-support.md,PDF Rendering Extension conformance to ISO 14289-1 - paginated reports - Power BI,108.0,> 365 days,2021-06-24,2021-06-24
powerbi-docs/paginated-reports/paginated-github-integration.md,Git integration with paginated reports - Power BI,108.0,> 365 days,2024-06-28,2024-06-28
powerbi-docs/report-server/always-encrypted-support.md,Always Encrypted in Power BI Report Server - Power BI,106.0,> 365 days,2020-01-22,2020-01-22
powerbi-docs/paginated-reports/report-design/display-page-numbers-other-report-properties-report-builder.md,Display page numbers or other Power BI paginated report properties - Power BI,103.0,> 365 days,2023-06-26,2023-06-26
powerbi-docs/visuals/power-bi-visualization-column-charts-considerations.md,Column chart considerations and limitations - Power BI,103.0,> 365 days,2024-09-23,
powerbi-docs/paginated-reports/report-data/report-data.md,Intro to report data in Power BI Report Builder - Power BI,103.0,> 365 days,2023-09-11,2023-09-11
powerbi-docs/paginated-reports/report-design/add-remove-page-header-footer-report-builder-service.md,Add or remove a page header or footer in a paginated report - Power BI,103.0,> 365 days,2023-03-22,2023-03-22
powerbi-docs/paginated-reports/web-authoring/create-parameters.md,Create parameters for paginated reports in the Power BI service - Power BI,103.0,> 365 days,2024-07-02,2024-07-02
powerbi-docs/paginated-reports/report-builder/relational-query-designer-user-interface-report-builder.md,Relational query designer user interface (Power BI Report Builder) - Power BI,102.0,> 365 days,2023-01-27,2023-01-27
powerbi-docs/paginated-reports/report-design/add-hyperlink-url-report-builder.md,Add a hyperlink to a URL in a Power BI paginated report - Power BI,102.0,> 365 days,2023-06-26,2023-06-26
powerbi-docs/developer/visuals/licensing-api.md,Transactability and license enforcement - Power BI,100.0,271-365 days,2024-11-04,2024-11-04
powerbi-docs/paginated-reports/report-design/visualizations/tree-map-and-sunburst-charts-in-paginated-reports.md,Treemap and sunburst charts in a Power BI paginated report in SQL Server Reporting Services - Power BI,99.0,> 365 days,2023-03-29,2023-03-29
powerbi-docs/paginated-reports/report-builder/maps-report-builder.md,Maps in a Power BI paginated report - Power BI,98.0,> 365 days,2023-02-13,2023-02-13
powerbi-docs/paginated-reports/report-builder-web-proxy-authentication.md,Use default system credentials for web proxy - Power BI,97.0,> 365 days,2023-02-08,2023-02-08
powerbi-docs/paginated-reports/parameters/add-subreport-parameters-report-builder.md,Add a subreport and parameters to a Power BI paginated report - Power BI,97.0,> 365 days,2023-01-23,2023-01-23
powerbi-docs/paginated-reports/paginated-reports-create-embedded-dataset.md,Create an embedded dataset for a Power BI paginated report - Power BI,97.0,> 365 days,2023-01-12,2023-01-12
powerbi-docs/paginated-reports/report-design/page-headers-footers-report-builder-service.md,Page headers and footers in a paginated report - Power BI,96.0,> 365 days,2023-03-22,2023-03-22
powerbi-docs/create-reports/jupyter-quick-report.md,Create a quick report in the Jupyter environment - Power BI,96.0,> 365 days,2024-04-18,2024-04-18
powerbi-docs/developer/visuals/launch-url.md,Create a launch URL in Power BI - Power BI,96.0,> 365 days,2023-12-18,2023-12-18
powerbi-docs/paginated-reports/report-design/format-text-placeholders-report-builder.md,Format text and placeholders in Power BI paginated reports - Power BI,95.0,> 365 days,2023-06-26,2023-06-26
powerbi-docs/developer/visuals/supportsmultivisualselection-feature.md,Apply selection to multiple visuals feature in Power BI - Power BI,95.0,> 365 days,2023-12-19,2023-12-19
powerbi-docs/paginated-reports/parameters/add-cascading-parameters-report-builder.md,Add cascading parameters to a Power BI paginated report - Power BI,95.0,> 365 days,2023-01-23,2023-01-23
powerbi-docs/paginated-reports/report-builder-add-document-map.md,Create a document map or table of contents in paginated reports - Power BI,93.0,> 365 days,2023-09-18,2023-09-18
powerbi-docs/paginated-reports/paginated-reports-embedded-data-source.md,Create embedded data sources for paginated reports in the Power BI service - Power BI,92.0,> 365 days,2023-09-21,2023-09-21
powerbi-docs/developer/embedded/sql-server-analysis-services-embed.md,Embed a report on an on-premises SQL Server Analysis Services (SSAS) - Power BI,89.0,> 365 days,2024-01-23,2024-01-23
powerbi-docs/paginated-reports/paginated-localize-date-parameters.md,Localize date parameters in the Power BI service and Power BI Report Builder - Power BI,87.0,> 365 days,2023-07-21,2023-07-21
powerbi-docs/create-reports/power-bi-visualization-introduction-to-q-and-a.md,Create a Q&A visual in a dashboard - Power BI,87.0,> 365 days,2024-10-22,2024-10-22
powerbi-docs/paginated-reports/report-design/drilldown-action-report-builder.md,Drilldown action in a Power BI paginated report - Power BI,86.0,> 365 days,2023-04-10,2023-04-10
powerbi-docs/paginated-reports/subreports-troubleshoot.md,Troubleshoot subreports in Power BI paginated reports - Power BI,84.0,> 365 days,2023-02-08,2023-02-08
powerbi-docs/paginated-reports/report-design/embed-image-report-report-builder-service.md,Embed an image in a Power BI paginated report - Power BI,83.0,> 365 days,2023-04-17,2023-04-17
powerbi-docs/developer/visuals/format-pane-example.md,Customize the format pane in Power BI custom visuals - Power BI,83.0,> 365 days,2023-12-12,2023-12-12
powerbi-docs/paginated-reports/report-design/add-external-image-report-builder-service.md,Add an external image to a Power BI paginated report - Power BI,82.0,> 365 days,2023-04-17,2023-04-17
powerbi-docs/paginated-reports/parameters/add-change-delete-report-parameter-report-builder.md,Add or modify Power BI paginated report parameters - Power BI,81.0,> 365 days,2023-01-23,2023-01-23
powerbi-docs/paginated-reports/device-info/csv-device-information-settings.md,CSV device information settings for Power BI paginated reports - Power BI,81.0,> 365 days,2023-01-05,2023-01-05
powerbi-docs/paginated-reports/expressions/expression-uses-reports-report-builder.md,Expression uses in Power BI paginated reports - Power BI,80.0,> 365 days,2023-09-21,2023-09-21
powerbi-docs/paginated-reports/report-design/tablix-data-region-report-builder.md,Tablix data region in a Power BI paginated report - Power BI,79.0,> 365 days,2023-09-26,2023-09-26
powerbi-docs/developer/visuals/utils-formatting.md,Introduction to use formatting utils in Power BI visual - Power BI,78.0,> 365 days,2024-10-10,2024-10-10
powerbi-docs/paginated-reports/report-design/visualizations/empty-null-data-points-charts-report-builder.md,Empty and null data points in Power BI paginated report charts - Power BI,78.0,> 365 days,2023-03-17,2023-03-17
powerbi-docs/paginated-reports/report-design/textbox/set-text-box-orientation-report-builder-and-service.md,Set text box orientation in a Power BI paginated report - Power BI,77.0,> 365 days,2023-01-26,2023-01-26
powerbi-docs/developer/visuals/visual-display-warning-icon.md,Power BI visuals display warning icon - Power BI,77.0,> 365 days,2024-03-16,2024-03-16
powerbi-docs/paginated-reports/report-builder/add-change-delete-map-map-layer-report-builder.md,"Add, change, or delete a map or map layer in a Power BI paginated report - Power BI",76.0,> 365 days,2023-11-30,2023-11-30
powerbi-docs/paginated-reports/paginated-reports-diagnostics.md,View diagnostics  for Power BI paginated reports - Power BI,76.0,> 365 days,2023-06-19,2023-06-19
powerbi-docs/paginated-reports/report-design/textbox/text-boxes-report-builder-and-service.md,Text boxes in Power BI paginated reports - Power BI,74.0,> 365 days,2023-01-26,2023-01-26
powerbi-docs/paginated-reports/report-design/visualizations/format-axis-labels-chart-report-builder.md,Format axis labels on a Power BI paginated report chart - Power BI,74.0,> 365 days,2023-03-17,2023-03-17
powerbi-docs/paginated-reports/report-design/sparklines-data-bars-report-builder.md,Sparklines and data bars in a Power BI paginated report - Power BI,74.0,> 365 days,2023-10-03,2023-10-03
powerbi-docs/paginated-reports/report-design/keep-headers-visible-when-scrolling-through-report-report-builder-service.md,Keep headers visible when scrolling through a paginated report - Power BI,72.0,> 365 days,2023-03-22,2023-03-22
powerbi-docs/paginated-reports/expressions/data-types-expressions-report-builder.md,Data types in expressions in a paginated report - Power BI,72.0,> 365 days,2023-06-16,2023-06-16
powerbi-docs/paginated-reports/report-design/tablix-data-region-cells-rows-columns-report-builder.md,"Cells, rows, & columns in a tablix in a Power BI paginated report - Power BI",72.0,> 365 days,2023-09-26,2023-09-26
powerbi-docs/paginated-reports/parameters/customize-parameters-pane-report-builder.md,Customize the Parameters pane in a paginated report - Power BI,71.0,> 365 days,2023-01-25,2023-01-25
powerbi-docs/paginated-reports/report-design/visualizations/bar-charts-report-builder.md,Bar charts in a Power BI paginated report - Power BI,71.0,> 365 days,2023-04-12,2023-04-12
powerbi-docs/paginated-reports/report-design/render-behaviors-report-builder-service.md,Rendering behaviors in a Power BI paginated report - Power BI,71.0,> 365 days,2023-04-17,2023-04-17
powerbi-docs/paginated-reports/report-data/text-based-query-designer-user-interface-report-builder.md,Text-based query designer user interface (Power BI Report Builder) - Power BI,69.0,> 365 days,2023-09-11,2023-09-11
powerbi-docs/paginated-reports/report-design/add-dataset-filters-data-region-filters-and-group-filters.md,"Add filters to datasets, data regions, and groups in a Power BI paginated report - Power BI",69.0,> 365 days,2023-01-18,2023-01-18
powerbi-docs/developer/visuals/highlight.md,Highlight data points in Power BI - Power BI,68.0,> 365 days,2024-06-17,2024-06-17
powerbi-docs/paginated-reports/report-design/add-drillthrough-action-report-report-builder.md,Add a drillthrough action on a Power BI paginated report - Power BI,68.0,> 365 days,2023-04-10,2023-04-10
powerbi-docs/paginated-reports/report-design/visualizations/specify-logarithmic-scale-report-builder.md,Specify logarithmic scale in Power BI paginated reports - Power BI,68.0,> 365 days,2023-03-28,2023-03-28
powerbi-docs/paginated-reports/report-design/create-stepped-report-report-builder.md,Create a stepped Power BI paginated report - Power BI,67.0,> 365 days,2023-06-28,2023-06-28
powerbi-docs/paginated-reports/report-design/visualizations/chart-effects-3d-bevel-other-report-builder.md,"3D, bevel, and other effects in Power BI paginated report charts - Power BI",66.0,> 365 days,2023-04-24,2023-04-24
powerbi-docs/developer/visuals/analytics-pane.md,The Analytics pane in Power BI visuals - Power BI,64.0,> 365 days,2024-01-13,2024-01-13
powerbi-docs/paginated-reports/report-design/visualizations/add-scale-breaks-to-chart-report-builder.md,Add scale breaks to a Power BI paginated report chart - Power BI,64.0,> 365 days,2023-04-12,2023-04-12
powerbi-docs/developer/embedded/migration-to-sp-profiles.md,Move multi-customer apps to service principal profile model - Power BI,64.0,> 365 days,2024-06-04,2024-06-04
powerbi-docs/paginated-reports/report-data/report-embedded-datasets-report-builder.md,Report embedded datasets (Power BI Report Builder) - Power BI,64.0,> 365 days,2023-09-11,2023-09-11
powerbi-docs/paginated-reports/report-design/visualizations/set-minimum-maximum-gauge-report-builder.md,Set a minimum or maximum on a gauge in Power BI paginated report - Power BI,64.0,> 365 days,2023-04-24,2023-04-24
powerbi-docs/paginated-reports/expressions/filter-equation-examples-report-builder.md,Filter equation examples in a paginated report - Power BI,63.0,> 365 days,2023-06-16,2023-06-16
powerbi-docs/paginated-reports/report-builder/export-xml-report-builder.md,Export Power BI paginated report to XML (Power BI Report Builder) - Power BI,63.0,> 365 days,2024-10-16,2024-10-16
powerbi-docs/paginated-reports/report-design/add-interactive-sort-table-matrix-report-builder.md,Add interactive sort to a table or matrix in Power BI paginated reports - Power BI,62.0,> 365 days,2023-10-03,2023-10-03
powerbi-docs/transform-model/datamarts/datamarts-access-control.md,Control access to datamarts (preview) - Power BI,61.0,> 365 days,2024-09-30,2024-09-30
powerbi-docs/developer/embedded/embed-object-level-security.md,Embed a report that uses object-level security - Power BI,61.0,> 365 days,2024-06-03,2024-06-03
powerbi-docs/developer/visuals/utils-dataview.md,Introduction to use Data view utils in Power BI visual - Power BI,61.0,> 365 days,2024-01-13,2024-01-13
powerbi-docs/developer/visuals/high-contrast-support.md,High-contrast mode support in Power BI visuals - Power BI,59.0,> 365 days,2024-06-17,2024-06-17
powerbi-docs/paginated-reports/report-builder-data.md,Understand paginated report data in Power BI Report Builder - Power BI,59.0,> 365 days,2023-01-25,2023-01-25
powerbi-docs/paginated-reports/report-design/merge-cells-data-region-report-builder.md,Merge cells in a data region in a Power BI paginated report - Power BI,58.0,> 365 days,2023-10-03,2023-10-03
powerbi-docs/paginated-reports/report-design/define-colors-chart-using-palette-report-builder.md,Define colors on a Power BI paginated report chart using a palette - Power BI,58.0,> 365 days,2023-06-28,2023-06-28
powerbi-docs/paginated-reports/report-design/visualizations/change-indicator-icons-indicator-sets-report-builder.md,Change indicator icons and indicator sets in Power BI paginated reports - Power BI,57.0,> 365 days,2023-04-24,2023-04-24
powerbi-docs/developer/visuals/detect-filter-api.md,The Filter applied API in Power BI custom visuals - Power BI,57.0,> 365 days,2024-06-06,2024-06-06
powerbi-docs/paginated-reports/report-data/dataset-fields-collection-report-builder.md,Dataset fields collection (Power BI Report Builder) - Power BI,56.0,> 365 days,2023-09-11,2023-09-11
powerbi-docs/paginated-reports/expressions/custom-code-and-assembly-references-in-expressions.md,Custom code in expressions in a paginated report in Power BI Report Builder - Power BI,54.0,> 365 days,2023-09-21,2023-09-21
powerbi-docs/paginated-reports/report-builder/paginated-create-accessible-reports.md,Accessibility features in Power BI paginated reports - Power BI,53.0,> 365 days,2023-05-22,2023-05-22
powerbi-docs/paginated-reports/report-design/visualizations/format-axis-labels-dates-currencies-report-builder.md,Format axis labels as dates or currencies in a Power BI paginated report - Power BI,53.0,> 365 days,2023-04-12,2023-04-12
powerbi-docs/developer/visuals/no-dataroles-support.md,Create custom Power BI visuals without data binding - Power BI,52.0,> 365 days,2024-01-31,2024-01-31
powerbi-docs/paginated-reports/expressions/group-expression-examples-report-builder.md,Group expression examples in paginated reports - Power BI,52.0,> 365 days,2023-06-16,2023-06-16
powerbi-docs/paginated-reports/report-design/visualizations/add-chart-report-report-builder.md,Add a chart to a Power BI paginated report - Power BI,51.0,> 365 days,2023-03-17,2023-03-17
powerbi-docs/developer/visuals/funnel-plot-from-r.md,Build a funnel plot from R script to R visual - Power BI,51.0,> 365 days,2024-06-17,2024-06-17
powerbi-docs/paginated-reports/report-design/render-data-report-builder-service.md,Render data in a Power BI paginated report - Power BI,50.0,> 365 days,2023-04-17,2023-04-17
powerbi-docs/developer/visuals/mobile-development.md,Mobile development in Power BI - Power BI,49.0,> 365 days,2024-01-19,2024-01-19
powerbi-docs/paginated-reports/report-design/linking-multiple-data-regions-to-same-dataset-report-builder.md,Link multiple data regions to the same dataset in a Power BI paginated report - Power BI,48.0,> 365 days,2023-09-11,2023-09-11
powerbi-docs/paginated-reports/report-design/visualizations/stock-charts-report-builder.md,Stock charts in Power BI paginated reports - Power BI,48.0,> 365 days,2023-03-28,2023-03-28
powerbi-docs/paginated-reports/report-design/visualizations/set-configure-measurement-units-report-builder.md,Set and configure measurement units in Power BI paginated report - Power BI,47.0,> 365 days,2023-03-30,2023-03-30
powerbi-docs/paginated-reports/report-design/visualizations/formatting-series-colors-on-chart-report-builder.md,Format series colors on a Power BI paginated report chart - Power BI,47.0,> 365 days,2023-04-12,2023-04-12
powerbi-docs/paginated-reports/report-design/visualizations/chart-legend-hide-items-report-builder.md,Hide chart legend items in the Power BI paginated report chart - Power BI,46.0,> 365 days,2023-04-24,2023-04-24
powerbi-docs/paginated-reports/report-design/set-locale-for-report-text-box-reporting-services.md,Set the locale for a Power BI paginated report or text box - Power BI,46.0,> 365 days,2024-03-13,2024-03-13
powerbi-docs/paginated-reports/expressions/operators-in-expressions-report-builder.md,Operators in expressions in a paginated report - Power BI,46.0,> 365 days,2023-06-16,2023-06-16
powerbi-docs/paginated-reports/report-design/create-recursive-hierarchy-group-report-builder.md,Create a recursive hierarchy group in a Power BI paginated report - Power BI,45.0,> 365 days,2023-09-11,2023-09-11
powerbi-docs/paginated-reports/report-design/textbox/format-text-in-a-text-box-report-builder-and-service.md,Format text in a text box in paginated reports (Power BI Report Builder) - Power BI,45.0,> 365 days,2023-01-26,2023-01-26
powerbi-docs/paginated-reports/troubleshoot-paginated-reports-design-issues.md,Troubleshoot report design issues with paginated reports - Power BI,44.0,> 365 days,2023-09-25,2023-09-25
powerbi-docs/paginated-reports/report-design/add-border-report-report-builder.md,Add a border to a Power BI paginated report - Power BI,44.0,> 365 days,2023-06-27,2023-06-27
powerbi-docs/paginated-reports/report-design/control-tablix-data-region-display-report-page.md,Control the tablix data region display on a Power BI paginated report page - Power BI,44.0,> 365 days,2023-10-03,2023-10-03
powerbi-docs/paginated-reports/report-design/add-bookmark-report-report-builder.md,Add a bookmark to a Power BI paginated report - Power BI,43.0,> 365 days,2023-06-27,2023-06-27
powerbi-docs/paginated-reports/report-design/textbox/allow-a-text-box-to-grow-or-shrink-report-builder-and-service.md,Allow a text box to grow or shrink in a Power BI paginated report - Power BI,43.0,> 365 days,2023-01-26,2023-01-26
powerbi-docs/developer/visuals/drilldown-api.md,The Drilldown API in Power BI visuals - Power BI,43.0,> 365 days,2024-01-19,2024-01-19
powerbi-docs/paginated-reports/report-design/insert-delete-column-report-builder.md,Insert or delete a column in a Power BI paginated report - Power BI,43.0,> 365 days,2023-09-11,2023-09-11
powerbi-docs/paginated-reports/expressions/add-code-to-a-report.md,Add code to a paginated report - Power BI,43.0,> 365 days,2023-09-21,2023-09-21
powerbi-docs/paginated-reports/report-design/format-lines-colors-images-report-builder-service.md,"Format lines, colors, and images in a Power BI paginated report - Power BI",42.0,> 365 days,2023-04-17,2023-04-17
powerbi-docs/create-reports/service-prepare-data-for-q-and-a.md,Make Excel data work well with Q&A in Power BI - Power BI,42.0,> 365 days,2023-03-01,2023-03-01
powerbi-docs/paginated-reports/parameters/change-order-report-parameter-report-builder.md,Change the order of parameters in a Power BI paginated report - Power BI,42.0,> 365 days,2023-01-25,2023-01-25
powerbi-docs/paginated-reports/report-design/visualizations/range-charts-report-builder.md,Range charts in Power BI paginated report - Power BI,42.0,> 365 days,2023-03-30,2023-03-30
powerbi-docs/paginated-reports/report-design/visualizations/indicators-report-builder.md,Indicators in a Power BI paginated report - Power BI,42.0,> 365 days,2023-04-12,2023-04-12
powerbi-docs/paginated-reports/report-design/visualizations/polar-charts-report-builder.md,Polar charts in Power BI paginated report - Power BI,42.0,> 365 days,2023-03-28,2023-03-28
powerbi-docs/paginated-reports/parameters/built-in-collections-parameters-collection-references-report-builder.md,Parameters collection references in a Power BI paginated report - Power BI,41.0,> 365 days,2023-01-25,2023-01-25
powerbi-docs/paginated-reports/report-design/add-data-bound-image-report-builder-service.md,Add a data-bound image to a Power BI paginated report - Power BI,41.0,> 365 days,2023-04-17,2023-04-17
powerbi-docs/paginated-reports/report-design/add-sparklines-data-bars-report-builder.md,Add sparklines and data bars in a Power BI paginated report - Power BI,40.0,> 365 days,2023-10-03,2023-10-03
powerbi-docs/paginated-reports/report-design/images-text-boxes-rectangles-lines-report-builder-service.md,"Images, text boxes, rectangles, and lines in a Power BI paginated report - Power BI",40.0,> 365 days,2023-04-17,2023-04-17
powerbi-docs/developer/visuals/supportskeyboardfocus-feature.md,Keyboard navigation feature in Power BI - Power BI,39.0,> 365 days,2024-01-20,2024-01-20
powerbi-docs/paginated-reports/report-builder/data-regions-maps-report-builder.md,Data regions and maps in a Power BI paginated report - Power BI,38.0,> 365 days,2023-02-13,2023-02-13
powerbi-docs/paginated-reports/report-design/visualizations/multiple-series-on-chart-report-builder.md,Multiple series on a Power BI paginated report chart - Power BI,38.0,> 365 days,2023-03-29,2023-03-29
powerbi-docs/paginated-reports/report-design/visualizations/specify-consistent-colors-across-multiple-shape-charts-report-builder.md,Specify consistent colors in multiple shape charts in Power BI paginated report - Power BI,37.0,> 365 days,2023-04-24,2023-04-24
powerbi-docs/paginated-reports/report-design/visualizations/formatting-chart-report-builder.md,Format a chart in a Power BI paginated report - Power BI,37.0,> 365 days,2023-04-12,2023-04-12
powerbi-docs/paginated-reports/report-data/report-data-pane.md,Report Data pane (Power BI Report Builder) - Power BI,37.0,> 365 days,2023-09-11,2023-09-11
powerbi-docs/developer/visuals/dynamic-drill-down.md,The dynamic drill-down API in Power BI visuals - Power BI,36.0,> 365 days,2024-06-06,2024-06-06
powerbi-docs/paginated-reports/expressions/add-expression-report-builder.md,Add an expression to a paginated report - Power BI,35.0,> 365 days,2023-06-21,2023-06-21
powerbi-docs/developer/visuals/utils-interactivity-selections.md,Power BI visuals interactivity utils - Power BI,35.0,> 365 days,2024-01-10,2024-01-10
powerbi-docs/paginated-reports/expressions/expression-scope-for-totals-aggregates-and-built-in-collections.md,"Expression scope for totals, aggregates, and built-in collections in a paginated report - Power BI",35.0,> 365 days,2023-06-16,2023-06-16
powerbi-docs/paginated-reports/report-builder/paginated-accessibility-overview.md,Accessibility in Power BI paginated reports - Power BI,35.0,> 365 days,2023-05-12,2023-05-12
powerbi-docs/paginated-reports/parameters/add-change-or-delete-available-values-for-a-report-parameter.md,Add or modify available values for a Power BI paginated report parameter - Power BI,34.0,> 365 days,2023-01-23,2023-01-23
powerbi-docs/paginated-reports/report-design/visualizations/collect-small-slices-pie-chart-report-builder.md,Collect small slices on Power BI paginated report pie chart - Power BI,33.0,> 365 days,2023-04-24,2023-04-24
powerbi-docs/paginated-reports/report-design/nested-data-regions-report-builder.md,Nested data regions in a Power BI paginated report - Power BI,33.0,> 365 days,2023-09-11,2023-09-11
powerbi-docs/paginated-reports/report-design/commonly-used-filters-report-builder-and-service.md,Commonly used filters in a Power BI paginated report - Power BI,33.0,> 365 days,2023-01-18,2023-01-18
powerbi-docs/paginated-reports/expressions/built-in-collections-report-group-variables-references-report-builder.md,Report and group variables collections references in a Power BI paginated report - Power BI,33.0,> 365 days,2023-04-25,2023-04-25
powerbi-docs/paginated-reports/report-data/set-no-data-message-data-region-report-builder.md,Set a No Data message for a data region (Power BI Report Builder) - Power BI,32.0,> 365 days,2023-09-11,2023-09-11
powerbi-docs/paginated-reports/report-design/visualizations/position-labels-chart-report-builder.md,Position labels in Power BI paginated report charts - Power BI,31.0,> 365 days,2023-03-17,2023-03-17
powerbi-docs/paginated-reports/report-design/visualizations/add-empty-points-chart-report-builder.md,Add empty points to a chart in Power BI paginated report - Power BI,31.0,> 365 days,2023-04-24,2023-04-24
powerbi-docs/paginated-reports/report-builder/teradata-connection-type-report-builder.md,Teradata connection type for Power BI paginated reports - Power BI,31.0,> 365 days,2023-01-27,2023-01-27
powerbi-docs/paginated-reports/report-design/visualizations/column-charts-report-builder.md,Column charts in Power BI paginated report - Power BI,30.0,> 365 days,2023-04-24,2023-04-24
powerbi-docs/developer/visuals/utils-tooltip.md,Introduction to tooltip utils in Power BI visuals - Power BI,30.0,> 365 days,2024-01-10,2024-01-10
powerbi-docs/paginated-reports/report-design/add-remove-margins-from-chart-report-builder.md,Add or remove margins from a Power BI paginated report chart - Power BI,29.0,> 365 days,2023-09-11,2023-09-11
powerbi-docs/paginated-reports/report-design/display-headers-footers-with-group-report-builder-service.md,Display headers and footers with a group in a paginated report - Power BI,29.0,> 365 days,2023-03-22,2023-03-22
powerbi-docs/developer/visuals/utils-color.md,Introduction to use color utils in Power BI visual - Power BI,29.0,> 365 days,2024-01-13,2024-01-13
powerbi-docs/paginated-reports/report-design/visualizations/chart-effects-add-bevel-emboss-or-texture-report-builder.md,"Add bevel, emboss, and texture styles to a Power BI paginated report chart - Power BI",29.0,> 365 days,2023-04-12,2023-04-12
powerbi-docs/developer/visuals/utils-test.md,Introduction to usage of test utils in Power BI visual - Power BI,28.0,> 365 days,2024-01-12,2024-01-12
powerbi-docs/paginated-reports/report-design/insert-delete-row-report-builder.md,Insert or delete a row in a Power BI paginated report - Power BI,28.0,> 365 days,2023-10-03,2023-10-03
powerbi-docs/paginated-reports/report-design/visualizations/display-data-point-labels-outside-pie-chart-report-builder.md,Display data point labels outside a pie chart in a Power BI paginated report - Power BI,28.0,> 365 days,2023-03-17,2023-03-17
powerbi-docs/paginated-reports/report-design/add-modify-line-report-builder.md,Add and modify a line in a Power BI paginated report - Power BI,27.0,> 365 days,2023-09-07,2023-09-07
powerbi-docs/paginated-reports/report-builder/paginated-use-accessibility-tools.md,Use accessibility tools to create accessible Power BI paginated reports - Power BI,27.0,> 365 days,2023-05-12,2023-05-12
powerbi-docs/developer/visuals/utils-chart.md,Introduction to use chart utils in Power BI visual - Power BI,27.0,> 365 days,2024-01-11,2024-01-11
powerbi-docs/paginated-reports/paginated-localization.md,View localized paginated reports in the Power BI service - Power BI,27.0,> 365 days,2024-10-29,2024-10-29
powerbi-docs/paginated-reports/report-design/visualizations/gauges-report-builder.md,Gauges in a Power BI paginated report - Power BI,26.0,> 365 days,2023-04-12,2023-04-12
powerbi-docs/paginated-reports/report-design/render-report-items-report-builder-service.md,Render report items in Power BI paginated reports - Power BI,26.0,> 365 days,2023-04-17,2023-04-17
powerbi-docs/paginated-reports/report-data/dataset-properties-dialog-box-options-report-builder.md,"Dataset Properties, Options dialog box (Power BI Report Builder) - Power BI",26.0,> 365 days,2023-09-11,2023-09-11
powerbi-docs/paginated-reports/report-design/add-details-group-report-builder.md,Add a details group to a Power BI paginated report - Power BI,26.0,> 365 days,2023-10-03,2023-10-03
powerbi-docs/paginated-reports/expressions/creating-recursive-hierarchy-groups-report-builder.md,Create recursive hierarchy groups in a paginated report - Power BI,24.0,> 365 days,2023-06-16,2023-06-16
powerbi-docs/paginated-reports/report-design/add-delete-group-data-region-report-builder.md,Add or delete a group in a data region in a Power BI paginated report - Power BI,23.0,> 365 days,2023-06-27,2023-06-27
powerbi-docs/paginated-reports/report-design/tablix-data-region-areas-report-builder.md,Tablix data region areas in a Power BI paginated report - Power BI,23.0,> 365 days,2023-10-03,2023-10-03
powerbi-docs/developer/visuals/dynamic-format.md,Power BI custom visual dynamic format API. - Power BI,23.0,> 365 days,2024-05-12,2024-05-12
powerbi-docs/paginated-reports/report-design/align-data-chart-table-matrix-report-builder.md,Align the data in a Power BI paginated report chart in a table or matrix - Power BI,23.0,> 365 days,2023-10-03,2023-10-03
powerbi-docs/paginated-reports/report-design/rectangles-lines-report-builder.md,Rectangles and lines in a Power BI paginated report - Power BI,22.0,> 365 days,2023-09-11,2023-09-11
powerbi-docs/developer/visuals/identity-filter-api.md,The Identity filter API in Power BI custom visuals - Power BI,22.0,> 365 days,2024-06-17,2024-06-17
powerbi-docs/paginated-reports/report-design/visualizations/area-charts-report-builder.md,Area charts in Power BI paginated reports - Power BI,22.0,> 365 days,2023-03-28,2023-03-28
powerbi-docs/paginated-reports/report-design/visualizations/format-scales-gauge-report-builder.md,Format scales on a gauge in Power BI paginated report - Power BI,22.0,> 365 days,2023-04-24,2023-04-24
powerbi-docs/paginated-reports/expressions/built-in-collections-built-in-globals-and-users-references-report-builder.md,Built-in Globals and User references in a paginated report - Power BI,22.0,> 365 days,2023-06-21,2023-06-21
powerbi-docs/paginated-reports/device-info/device-information-settings-for-paginated-reports-rendering-extensions.md,Device information settings for Power BI paginated report rendering extensions - Power BI,21.0,> 365 days,2023-01-05,2023-01-05
powerbi-docs/paginated-reports/report-design/render-data-regions-report-builder-service.md,Render data regions in a Power BI paginated report - Power BI,21.0,> 365 days,2023-04-17,2023-04-17
powerbi-docs/developer/visuals/utils-on-object.md,On object formatting utils in Power BI visuals - Power BI,21.0,> 365 days,2024-02-14,2024-02-14
powerbi-docs/paginated-reports/report-design/add-move-delete-table-matrix-list-report-builder.md,"Add, move, or delete a table, matrix, or list in a Power BI paginated report - Power BI",21.0,> 365 days,2023-10-03,2023-10-03
powerbi-docs/paginated-reports/report-design/visualizations/scatter-charts-report-builder.md,Scatter charts in Power BI paginated report - Power BI,21.0,> 365 days,2023-03-28,2023-03-28
powerbi-docs/paginated-reports/report-design/visualizations/line-charts-report-builder.md,Line charts in Power BI paginated reports - Power BI,21.0,> 365 days,2023-04-24,2023-04-24
powerbi-docs/paginated-reports/report-design/visualizations/highlight-chart-data-by-adding-strip-lines-report-builder.md,Highlight chart data by adding strip lines in Power BI paginated report - Power BI,20.0,> 365 days,2023-04-24,2023-04-24
powerbi-docs/paginated-reports/report-design/visualizations/display-series-with-multiple-data-ranges-chart.md,Display a series with multiple data ranges on Power BI paginated report chart - Power BI,20.0,> 365 days,2023-04-23,2023-04-23
powerbi-docs/paginated-reports/report-builder/add-custom-locations-map-report-builder.md,Add custom locations to a map in a Power BI paginated report - Power BI,20.0,> 365 days,2023-02-17,2023-02-17
powerbi-docs/paginated-reports/report-design/visualizations/include-indicators-gauges-gauge-panel-report-builder.md,Include indicators and gauges in a gauge panel in Power BI paginated reports - Power BI,19.0,> 365 days,2023-03-28,2023-03-28
powerbi-docs/paginated-reports/report-design/hide-page-header-footer-first-last-page-report-builder-service.md,Hide page header or footer on first or last page of a paginated report - Power BI,18.0,> 365 days,2023-03-22,2023-03-22
powerbi-docs/paginated-reports/report-design/visualizations/formatting-pointers-gauge-report-builder.md,Format pointers on a gauge in Power BI paginated report - Power BI,17.0,> 365 days,2023-03-10,2023-03-10
powerbi-docs/paginated-reports/device-info/excel-device-information-settings.md,Excel device information settings for Power BI paginated reports - Power BI,17.0,> 365 days,2023-01-05,2023-01-05
powerbi-docs/paginated-reports/report-design/add-delete-group-in-chart-report-builder.md,Add or delete a group in a Power BI paginated report chart - Power BI,17.0,> 365 days,2023-09-07,2023-09-07
powerbi-docs/paginated-reports/report-design/add-data-tablix-data-region-report-builder.md,Add data to a tablix data region in a Power BI paginated report - Power BI,17.0,> 365 days,2023-10-03,2023-10-03
powerbi-docs/paginated-reports/report-design/visualizations/plot-data-secondary-axis-report-builder.md,Plot data on a secondary axis in Power BI paginated report - Power BI,16.0,> 365 days,2023-03-30,2023-03-30
powerbi-docs/paginated-reports/expressions/built-in-collections-dataset-fields-collection-references-report-builder.md,Dataset Fields collection references in a paginated report - Power BI,16.0,> 365 days,2023-06-21,2023-06-21
powerbi-docs/paginated-reports/report-design/visualizations/vary-polygon-line-point-display-by-rules-analytical-data.md,"Vary polygon, line, and point display in Power BI paginated reports - Power BI",16.0,> 365 days,2023-03-28,2023-03-28
powerbi-docs/paginated-reports/report-design/visualizations/troubleshoot-charts-report-builder.md,Troubleshoot charts in Power BI paginated reports - Power BI,16.0,> 365 days,2023-03-28,2023-03-28
powerbi-docs/paginated-reports/report-design/visualizations/shape-charts-report-builder.md,Shape charts in Power BI paginated report - Power BI,15.0,> 365 days,2023-03-10,2023-03-10
powerbi-docs/paginated-reports/report-design/explore-flexibility-tablix-data-region-report-builder.md,Explore the flexibility of a tablix data region in a Power BI paginated report - Power BI,15.0,> 365 days,2023-10-03,2023-10-03
powerbi-docs/paginated-reports/device-info/image-device-information-settings.md,Image device information settings for Power BI paginated reports - Power BI,15.0,> 365 days,2023-01-05,2023-01-05
powerbi-docs/paginated-reports/report-builder/paginated-accessible-structure-type-overwrite.md,Improve accessibility in Power BI paginated reports with StructureTypeOverwrite - Power BI,15.0,> 365 days,2023-10-11,2023-10-11
powerbi-docs/paginated-reports/device-info/pdf-device-information-settings.md,PDF device information settings for Power BI paginated reports - Power BI,14.0,> 365 days,2023-06-28,2023-06-28
powerbi-docs/paginated-reports/report-design/visualizations/chart-types-report-builder.md,Chart types in a Power BI paginated report - Power BI,14.0,> 365 days,2023-04-12,2023-04-12
powerbi-docs/paginated-reports/report-design/visualizations/formatting-ranges-gauge-report-builder.md,Format ranges on a gauge in Power BI paginated reports - Power BI,14.0,> 365 days,2023-03-28,2023-03-28
powerbi-docs/paginated-reports/report-design/display-same-data-matrix-chart-report-builder.md,Display the same data on a matrix and a chart in a Power BI paginated report - Power BI,14.0,> 365 days,2023-10-03,2023-10-03
powerbi-docs/paginated-reports/report-design/visualizations/change-chart-type-report-builder.md,Change the chart type in a Power BI paginated report - Power BI,13.0,> 365 days,2023-03-28,2023-03-28
powerbi-docs/paginated-reports/report-builder/plan-map-report-report-builder.md,Plan for adding a map to a Power BI paginated report - Power BI,13.0,> 365 days,2023-02-17,2023-02-17
powerbi-docs/paginated-reports/report-design/interactive-sort-links-report-builder.md,Interactive sort and links in a Power BI paginated report - Power BI,13.0,> 365 days,2023-09-11,2023-09-11
powerbi-docs/paginated-reports/report-builder/troubleshoot-reports-map-reports-report-builder.md,Troubleshoot reports: Map reports in a Power BI paginated report - Power BI,12.0,> 365 days,2023-02-17,2023-02-17
powerbi-docs/paginated-reports/report-design/visualizations/add-gauge-to-report-report-builder.md,Add a gauge to a Power BI paginated report - Power BI,12.0,> 365 days,2023-03-28,2023-03-28
powerbi-docs/paginated-reports/report-design/visualizations/formatting-data-points-on-chart-report-builder.md,Format data points on a Power BI paginated report chart - Power BI,11.0,> 365 days,2023-04-12,2023-04-12
powerbi-docs/paginated-reports/expressions/constants-expressions-report-builder.md,Constants in expressions in paginated reports - Power BI,10.0,> 365 days,2023-06-21,2023-06-21
powerbi-docs/paginated-reports/report-builder/paginated-consume-accessible-reports.md,Use accessibility tools to interact with Power BI paginated reports - Power BI,10.0,> 365 days,2023-05-19,2023-05-19
powerbi-docs/paginated-reports/report-design/interactive-sort-report-builder.md,Interactive sort in a Power BI paginated report - Power BI,9.0,> 365 days,2023-09-11,2023-09-11
powerbi-docs/paginated-reports/report-design/visualizations/add-delete-indicator-report-builder.md,Add or delete an indicator in Power BI paginated report - Power BI,9.0,> 365 days,2023-04-24,2023-04-24
powerbi-docs/paginated-reports/expressions/built-in-collections-datasources-and-datasets-references-report-builder.md,DataSources and DataSets collection references in a paginated report - Power BI,9.0,> 365 days,2023-06-21,2023-06-21
powerbi-docs/paginated-reports/report-design/prepare-data-display-tablix-data-region-report-builder.md,Prepare data for display in a tablix data region in a Power BI paginated report - Power BI,8.0,> 365 days,2023-10-03,2023-10-03
powerbi-docs/paginated-reports/device-info/mhtml-device-information-settings.md,MHTML device information settings for Power BI paginated reports - Power BI,7.0,> 365 days,2023-01-05,2023-01-05
powerbi-docs/paginated-reports/report-design/change-item-cell-report-builder.md,Change an item in a cell in a Power BI paginated report - Power BI,7.0,> 365 days,2023-10-03,2023-10-03
powerbi-docs/paginated-reports/report-design/visualizations/specify-chart-area-series-report-builder.md,Specify a chart area for a series in Power BI paginated report - Power BI,7.0,> 365 days,2023-03-28,2023-03-28
powerbi-docs/paginated-reports/report-design/show-tooltips-series-report-builder.md,Show ToolTips on a series in a Power BI paginated report - Power BI,7.0,> 365 days,2023-09-11,2023-09-11
powerbi-docs/paginated-reports/report-design/visualizations/specify-size-indicator-using-expression-report-builder.md,Specify the size of an indicator in Power BI paginated reports using an expression - Power BI,6.0,> 365 days,2023-04-24,2023-04-24
powerbi-docs/paginated-reports/report-design/visualizations/start-pie-chart-values-top-pie-report-builder.md,Start pie chart values at the top of the pie in Power BI paginated report - Power BI,6.0,> 365 days,2023-03-28,2023-03-28
powerbi-docs/paginated-reports/expressions/built-in-collections-in-expressions-report-builder.md,Built-in collections in expressions in a paginated report - Power BI,6.0,> 365 days,2023-06-21,2023-06-21
powerbi-docs/paginated-reports/device-info/xml-device-information-settings.md,XML device information settings for Power BI paginated reports - Power BI,6.0,> 365 days,2023-01-05,2023-01-05
powerbi-docs/paginated-reports/device-info/pptx-device-information-settings.md,PPTX device information settings for Power BI paginated reports - Power BI,5.0,> 365 days,2024-06-28,2024-06-28
powerbi-docs/paginated-reports/expressions/built-in-collections-reportitems-collection-references-report-builder.md,ReportItems collection references in a paginated report - Power BI,4.0,> 365 days,2023-06-21,2023-06-21
powerbi-docs/paginated-reports/device-info/word-device-information-settings.md,Word device information settings for Power BI paginated reports - Power BI,3.0,> 365 days,2023-01-05,2023-01-05
