63037	99319	Getting Started
63369	99322	Get data
88767	99325	Files in Power BI
88770	99328	Services in Power BI
88773	99331	Databases and more
65158	99334	All about dashboards
65157	99337	All about reports
65160	99340	Visualizations in reports
70394	99343	Q&A in Power BI
65162	99349	Power BI API
68530	99346	Power BI Designer
72969	99352	Mobile apps for Power BI
77999	99355	iPad app (Power BI for iOS)
78002	99358	iPhone app (Power BI for iOS)
75729	99361	Power BI app for Windows
85887	99364	Power BI app for Android phones
63248	99367	Administrative
65779	99370	Troubleshooting
75672	99373	Samples